origem,destino,distanciaRotaKM
Fornecedor_1,CD_11,10
Fornecedor_1,CD_7,10
Fornecedor_1,CD_3,10
Fornecedor_1,CD_5,10
Fornecedor_1,CD_4,10
Fornecedor_1,CD_13,10
Fornecedor_1,CD_14,10
Fornecedor_1,CD_12,10
Fornecedor_1,CD_8,10
Fornecedor_1,CD_6,10
Fornecedor_1,CD_9,10
Fornecedor_1,CD_10,10
Fornecedor_1,CD_2,10
Fornecedor_1,CD_1,10
Fornecedor_1,CD_15,10
CD_11,Cliente_1,"4568,231413427381"
CD_11,Cliente_2,"4568,231413427381"
CD_11,Cliente_3,"4568,231413427381"
CD_11,Cliente_4,"582,1315924422794"
CD_11,Cliente_5,"582,1315924422794"
CD_11,Cliente_6,"582,1315924422794"
CD_11,Cliente_7,"582,1315924422794"
CD_11,Cliente_8,"489,8071511424768"
CD_11,Cliente_9,"489,8071511424768"
CD_11,Cliente_10,"4953,787503147629"
CD_11,Cliente_11,"4953,787503147629"
CD_11,Cliente_12,"4953,787503147629"
CD_11,Cliente_13,"4953,787503147629"
CD_11,Cliente_14,"4243,935418189059"
CD_11,Cliente_15,"2669,7243907686693"
CD_11,Cliente_16,"2669,7243907686693"
CD_11,Cliente_17,"24,721242837808234"
CD_11,Cliente_18,"358,4189507715176"
CD_11,Cliente_19,"24,721242837808234"
CD_11,Cliente_20,"24,721242837808234"
CD_11,Cliente_21,"24,721242837808234"
CD_11,Cliente_22,"358,4189507715176"
CD_11,Cliente_23,"358,4189507715176"
CD_11,Cliente_24,"1208,8030676385274"
CD_11,Cliente_25,"1208,8030676385274"
CD_11,Cliente_26,"1208,8030676385274"
CD_11,Cliente_27,"1208,8030676385274"
CD_11,Cliente_28,"733,4183421009361"
CD_11,Cliente_29,"733,4183421009361"
CD_11,Cliente_30,"733,4183421009361"
CD_11,Cliente_31,"1446,9999999999998"
CD_11,Cliente_32,"1446,9999999999998"
CD_11,Cliente_33,"1446,9999999999998"
CD_11,Cliente_34,"1446,9999999999998"
CD_11,Cliente_35,"1446,9999999999998"
CD_11,Cliente_36,"1055,3943028127007"
CD_11,Cliente_37,"1124,298044612327"
CD_11,Cliente_38,"1055,3943028127007"
CD_11,Cliente_39,"1055,3943028127007"
CD_11,Cliente_40,"1055,3943028127007"
CD_11,Cliente_41,"1124,298044612327"
CD_11,Cliente_42,"1124,298044612327"
CD_11,Cliente_43,"1124,298044612327"
CD_11,Cliente_44,"1646,912319375597"
CD_11,Cliente_45,"1646,912319375597"
CD_11,Cliente_46,"1646,912319375597"
CD_11,Cliente_47,"1646,912319375597"
CD_11,Cliente_48,"1847,1213437447745"
CD_11,Cliente_49,"1847,1213437447745"
CD_11,Cliente_50,"1847,1213437447745"
CD_11,Cliente_51,"1659,4830032791806"
CD_11,Cliente_52,"1659,4830032791806"
CD_11,Cliente_53,"1659,4830032791806"
CD_11,Cliente_54,"1659,4830032791806"
CD_11,Cliente_55,"1549,0894622389244"
CD_11,Cliente_56,"1549,0894622389244"
CD_11,Cliente_57,"1374,5019748793798"
CD_11,Cliente_58,"1283,3111049464994"
CD_11,Cliente_59,"1374,5019748793798"
CD_11,Cliente_60,"1374,5019748793798"
CD_11,Cliente_61,"1374,5019748793798"
CD_11,Cliente_62,"1283,3111049464994"
CD_11,Cliente_63,"1283,3111049464994"
CD_11,Cliente_64,"1283,3111049464994"
CD_11,Cliente_65,"2889,690608425367"
CD_11,Cliente_66,"2889,690608425367"
CD_11,Cliente_67,"2889,690608425367"
CD_11,Cliente_68,"2889,690608425367"
CD_11,Cliente_69,"2890,3431071736086"
CD_11,Cliente_70,"2890,3431071736086"
CD_11,Cliente_71,"2890,3431071736086"
CD_11,Cliente_72,"2582,821112216447"
CD_11,Cliente_73,"2582,821112216447"
CD_11,Cliente_74,"2582,821112216447"
CD_11,Cliente_75,"2582,821112216447"
CD_11,Cliente_76,"2716,7572533638936"
CD_11,Cliente_77,"2716,7572533638936"
CD_11,Cliente_78,"2716,7572533638936"
CD_11,Cliente_79,"2133,153036023505"
CD_11,Cliente_80,"2133,153036023505"
CD_11,Cliente_81,"2133,153036023505"
CD_11,Cliente_82,"2133,153036023505"
CD_11,Cliente_83,"2834,90848790649"
CD_11,Cliente_84,"2834,90848790649"
CD_11,Cliente_85,"930,5360193053987"
CD_11,Cliente_86,"930,5360193053987"
CD_11,Cliente_87,"930,5360193053987"
CD_11,Cliente_88,"930,5360193053987"
CD_11,Cliente_89,"855,7053407982974"
CD_11,Cliente_90,"855,7053407982974"
CD_11,Cliente_91,"855,7053407982974"
CD_11,Cliente_92,"814,3204650307622"
CD_11,Cliente_93,"609,2772257657855"
CD_11,Cliente_94,"814,3204650307622"
CD_11,Cliente_95,"814,3204650307622"
CD_11,Cliente_96,"814,3204650307622"
CD_11,Cliente_97,"609,2772257657855"
CD_11,Cliente_98,"609,2772257657855"
CD_11,Cliente_99,"609,2772257657855"
CD_11,Cliente_100,"1229,1732563295511"
CD_11,Cliente_101,"1229,1732563295511"
CD_11,Cliente_102,"1229,1732563295511"
CD_11,Cliente_103,"1672,444938305661"
CD_11,Cliente_104,"2336,941535882817"
CD_11,Cliente_105,"2336,941535882817"
CD_11,Cliente_106,"2336,941535882817"
CD_11,Cliente_107,"2336,941535882817"
CD_11,Cliente_108,"2598,566204681373"
CD_11,Cliente_109,"2598,566204681373"
CD_11,Cliente_110,"2598,566204681373"
CD_11,Cliente_111,"988,7236063406432"
CD_11,Cliente_112,"988,7236063406432"
CD_11,Cliente_113,"988,7236063406432"
CD_11,Cliente_114,"988,7236063406432"
CD_11,Cliente_115,"1458,7945141117655"
CD_11,Cliente_116,"1458,7945141117655"
CD_11,Cliente_117,"1458,7945141117655"
CD_11,Cliente_118,"1097,8430021723668"
CD_11,Cliente_119,"1097,8430021723668"
CD_11,Cliente_120,"1097,8430021723668"
CD_11,Cliente_121,"1034,61863963861"
CD_11,Cliente_122,"4062,851781634985"
CD_11,Cliente_123,"4062,851781634985"
CD_11,Cliente_124,"3585,021598118007"
CD_11,Cliente_125,"3585,021598118007"
CD_11,Cliente_126,"5731,010447988503"
CD_11,Cliente_127,"5731,010447988503"
CD_11,Cliente_128,"3063,0081339026233"
CD_11,Cliente_129,"3198,9479477259647"
CD_11,Cliente_130,"3063,0081339026233"
CD_11,Cliente_131,"3063,0081339026233"
CD_11,Cliente_132,"3063,0081339026233"
CD_11,Cliente_133,"3198,9479477259647"
CD_11,Cliente_134,"3198,9479477259647"
CD_11,Cliente_135,"3198,9479477259647"
CD_11,Cliente_136,"2622,572927688914"
CD_11,Cliente_137,"2622,572927688914"
CD_11,Cliente_138,"2622,572927688914"
CD_11,Cliente_139,"2622,572927688914"
CD_11,Cliente_140,"2633,3187111606326"
CD_11,Cliente_141,"2633,3187111606326"
CD_11,Cliente_142,"2633,3187111606326"
CD_11,Cliente_143,"327,2358875041833"
CD_11,Cliente_144,"327,2358875041833"
CD_11,Cliente_145,"327,2358875041833"
CD_11,Cliente_146,"327,2358875041833"
CD_11,Cliente_147,"1959,5"
CD_11,Cliente_148,"2003,763894018097"
CD_11,Cliente_149,"1959,5"
CD_11,Cliente_150,"1959,5"
CD_11,Cliente_151,"1959,5"
CD_11,Cliente_152,"1959,5"
CD_11,Cliente_153,"2003,763894018097"
CD_11,Cliente_154,"2003,763894018097"
CD_11,Cliente_155,"2003,763894018097"
CD_11,Cliente_156,"1445,5724724383824"
CD_11,Cliente_157,"1445,5724724383824"
CD_11,Cliente_158,"1445,5724724383824"
CD_11,Cliente_159,"1445,5724724383824"
CD_11,Cliente_160,"1651,0178494272272"
CD_11,Cliente_161,"1651,0178494272272"
CD_11,Cliente_162,"1651,0178494272272"
CD_7,Cliente_1,"5237,231413427382"
CD_7,Cliente_2,"5237,231413427382"
CD_7,Cliente_3,"5237,231413427381"
CD_7,Cliente_4,"1031,9890360004492"
CD_7,Cliente_5,"1031,9890360004492"
CD_7,Cliente_6,"1031,9890360004492"
CD_7,Cliente_7,"1031,9890360004492"
CD_7,Cliente_8,"1040,3606001703902"
CD_7,Cliente_9,"1040,3606001703902"
CD_7,Cliente_10,"4321,787765092855"
CD_7,Cliente_11,"4321,787765092855"
CD_7,Cliente_12,"4321,787765092855"
CD_7,Cliente_13,"4321,787765092855"
CD_7,Cliente_14,"4126,3979242296255"
CD_7,Cliente_15,"2110,709885019652"
CD_7,Cliente_16,"2110,709885019652"
CD_7,Cliente_17,"1207,4645863788207"
CD_7,Cliente_18,"1188,4011256487568"
CD_7,Cliente_19,"1207,4645863788207"
CD_7,Cliente_20,"1207,4645863788207"
CD_7,Cliente_21,"1207,4645863788207"
CD_7,Cliente_22,"1188,4011256487568"
CD_7,Cliente_23,"1188,4011256487568"
CD_7,Cliente_24,"20,206637835112222"
CD_7,Cliente_25,"20,206637835112222"
CD_7,Cliente_26,"20,206637835112222"
CD_7,Cliente_27,"20,206637835112222"
CD_7,Cliente_28,"450,2037453678372"
CD_7,Cliente_29,"450,2037453678372"
CD_7,Cliente_30,"450,2037453678372"
CD_7,Cliente_31,"2116,0000000000005"
CD_7,Cliente_32,"2116,0000000000005"
CD_7,Cliente_33,"2116,0000000000005"
CD_7,Cliente_34,"2116,0000000000005"
CD_7,Cliente_35,"2116,0000000000005"
CD_7,Cliente_36,"2177,167470114252"
CD_7,Cliente_37,"2144,960398167751"
CD_7,Cliente_38,"2177,167470114252"
CD_7,Cliente_39,"2177,167470114252"
CD_7,Cliente_40,"2177,167470114252"
CD_7,Cliente_41,"2144,960398167751"
CD_7,Cliente_42,"2144,960398167751"
CD_7,Cliente_43,"2144,960398167751"
CD_7,Cliente_44,"2315,224836631782"
CD_7,Cliente_45,"2315,224836631782"
CD_7,Cliente_46,"2315,224836631782"
CD_7,Cliente_47,"2315,224836631782"
CD_7,Cliente_48,"2615,2716343729444"
CD_7,Cliente_49,"2615,2716343729444"
CD_7,Cliente_50,"2615,2716343729444"
CD_7,Cliente_51,"900,4916089069402"
CD_7,Cliente_52,"900,4916089069402"
CD_7,Cliente_53,"900,4916089069402"
CD_7,Cliente_54,"900,4916089069402"
CD_7,Cliente_55,"1081,469973402103"
CD_7,Cliente_56,"1081,469973402103"
CD_7,Cliente_57,"2347,499767313739"
CD_7,Cliente_58,"2191,6837677025437"
CD_7,Cliente_59,"2347,499767313739"
CD_7,Cliente_60,"2347,499767313739"
CD_7,Cliente_61,"2347,499767313739"
CD_7,Cliente_62,"2191,6837677025437"
CD_7,Cliente_63,"2191,6837677025437"
CD_7,Cliente_64,"2191,6837677025437"
CD_7,Cliente_65,"3856,773210660792"
CD_7,Cliente_66,"3856,773210660792"
CD_7,Cliente_67,"3856,773210660792"
CD_7,Cliente_68,"3856,773210660792"
CD_7,Cliente_69,"3856,8842705772386"
CD_7,Cliente_70,"3856,8842705772386"
CD_7,Cliente_71,"3856,8842705772386"
CD_7,Cliente_72,"3251,820624925253"
CD_7,Cliente_73,"3251,820624925253"
CD_7,Cliente_74,"3251,820624925253"
CD_7,Cliente_75,"3251,820624925253"
CD_7,Cliente_76,"3046,021613924024"
CD_7,Cliente_77,"3046,021613924024"
CD_7,Cliente_78,"3046,021613924024"
CD_7,Cliente_79,"1574,1530360235058"
CD_7,Cliente_80,"1574,1530360235058"
CD_7,Cliente_81,"1574,1530360235058"
CD_7,Cliente_82,"1574,1530360235058"
CD_7,Cliente_83,"2363,785256216831"
CD_7,Cliente_84,"2363,785256216831"
CD_7,Cliente_85,"672,4193343865173"
CD_7,Cliente_86,"672,4193343865173"
CD_7,Cliente_87,"672,4193343865173"
CD_7,Cliente_88,"672,4193343865173"
CD_7,Cliente_89,"617,1115737138103"
CD_7,Cliente_90,"617,1115737138103"
CD_7,Cliente_91,"617,1115737138103"
CD_7,Cliente_92,"780,8267032241964"
CD_7,Cliente_93,"778,9915645160806"
CD_7,Cliente_94,"780,8267032241964"
CD_7,Cliente_95,"780,8267032241964"
CD_7,Cliente_96,"780,8267032241964"
CD_7,Cliente_97,"778,9915645160806"
CD_7,Cliente_98,"778,9915645160806"
CD_7,Cliente_99,"778,9915645160806"
CD_7,Cliente_100,"591,7471727014149"
CD_7,Cliente_101,"591,7471727014149"
CD_7,Cliente_102,"591,7471727014149"
CD_7,Cliente_103,"476,5247024862375"
CD_7,Cliente_104,"3307,941533892902"
CD_7,Cliente_105,"3307,941533892902"
CD_7,Cliente_106,"3307,941533892902"
CD_7,Cliente_107,"3307,941533892902"
CD_7,Cliente_108,"3744,99281281441"
CD_7,Cliente_109,"3744,99281281441"
CD_7,Cliente_110,"3744,99281281441"
CD_7,Cliente_111,"2614,4065138028614"
CD_7,Cliente_112,"2614,4065138028614"
CD_7,Cliente_113,"2614,4065138028614"
CD_7,Cliente_114,"2614,4065138028614"
CD_7,Cliente_115,"2653,3425678508543"
CD_7,Cliente_116,"2653,3425678508543"
CD_7,Cliente_117,"2653,3425678508543"
CD_7,Cliente_118,"518,8643116773256"
CD_7,Cliente_119,"518,8643116773256"
CD_7,Cliente_120,"518,8643116773256"
CD_7,Cliente_121,"409,9772270584494"
CD_7,Cliente_122,"4730,860483654876"
CD_7,Cliente_123,"4730,860483654876"
CD_7,Cliente_124,"4253,847978782187"
CD_7,Cliente_125,"4253,847978782187"
CD_7,Cliente_126,"5100,010447988504"
CD_7,Cliente_127,"5100,010447988504"
CD_7,Cliente_128,"4034,004466586143"
CD_7,Cliente_129,"3944,1103308891325"
CD_7,Cliente_130,"4034,004466586143"
CD_7,Cliente_131,"4034,004466586143"
CD_7,Cliente_132,"4034,004466586143"
CD_7,Cliente_133,"3944,1103308891325"
CD_7,Cliente_134,"3944,1103308891325"
CD_7,Cliente_135,"3944,1103308891325"
CD_7,Cliente_136,"3593,5729276889133"
CD_7,Cliente_137,"3593,5729276889133"
CD_7,Cliente_138,"3593,5729276889133"
CD_7,Cliente_139,"3593,5729276889133"
CD_7,Cliente_140,"3745,730006507555"
CD_7,Cliente_141,"3745,730006507555"
CD_7,Cliente_142,"3745,730006507555"
CD_7,Cliente_143,"1122,0145305988708"
CD_7,Cliente_144,"1122,0145305988708"
CD_7,Cliente_145,"1122,0145305988708"
CD_7,Cliente_146,"1122,0145305988708"
CD_7,Cliente_147,"2932,536614735988"
CD_7,Cliente_148,"2888,575263976942"
CD_7,Cliente_149,"2932,536614735988"
CD_7,Cliente_150,"2932,536614735988"
CD_7,Cliente_151,"2932,536614735988"
CD_7,Cliente_152,"2932,536614735988"
CD_7,Cliente_153,"2888,575263976942"
CD_7,Cliente_154,"2888,575263976942"
CD_7,Cliente_155,"2888,575263976942"
CD_7,Cliente_156,"1694,1158185715171"
CD_7,Cliente_157,"1694,1158185715171"
CD_7,Cliente_158,"1694,1158185715171"
CD_7,Cliente_159,"1694,1158185715171"
CD_7,Cliente_160,"1358,8087479104663"
CD_7,Cliente_161,"1358,8087479104663"
CD_7,Cliente_162,"1358,8087479104663"
CD_3,Cliente_1,"3124,231427497721"
CD_3,Cliente_2,"3124,231427497721"
CD_3,Cliente_3,"3124,231427497721"
CD_3,Cliente_4,"1891,130987361495"
CD_3,Cliente_5,"1891,130987361495"
CD_3,Cliente_6,"1891,130987361495"
CD_3,Cliente_7,"1891,130987361495"
CD_3,Cliente_8,"1802,332269166846"
CD_3,Cliente_9,"1802,332269166846"
CD_3,Cliente_10,"3509,973006975658"
CD_3,Cliente_11,"3509,973006975658"
CD_3,Cliente_12,"3509,973006975658"
CD_3,Cliente_13,"3509,973006975658"
CD_3,Cliente_14,"3254,695057703878"
CD_3,Cliente_15,"2497,72439076867"
CD_3,Cliente_16,"2497,72439076867"
CD_3,Cliente_17,"1441,082215381913"
CD_3,Cliente_18,"1289,526620420982"
CD_3,Cliente_19,"1441,082215381913"
CD_3,Cliente_20,"1441,082215381913"
CD_3,Cliente_21,"1441,082215381913"
CD_3,Cliente_22,"1289,526620420982"
CD_3,Cliente_23,"1289,526620420982"
CD_3,Cliente_24,"2116,6279131695537"
CD_3,Cliente_25,"2116,6279131695537"
CD_3,Cliente_26,"2116,6279131695537"
CD_3,Cliente_27,"2116,6279131695537"
CD_3,Cliente_28,"1947,478046208433"
CD_3,Cliente_29,"1947,478046208433"
CD_3,Cliente_30,"1947,478046208433"
CD_3,Cliente_31,"20,000000000000973"
CD_3,Cliente_32,"20,000000000000973"
CD_3,Cliente_33,"20,000000000000973"
CD_3,Cliente_34,"20,000000000000973"
CD_3,Cliente_35,"20,000000000000973"
CD_3,Cliente_36,"1246,9974317872484"
CD_3,Cliente_37,"1283,0085247898887"
CD_3,Cliente_38,"1246,9974317872484"
CD_3,Cliente_39,"1246,9974317872484"
CD_3,Cliente_40,"1246,9974317872484"
CD_3,Cliente_41,"1283,0085247898887"
CD_3,Cliente_42,"1283,0085247898887"
CD_3,Cliente_43,"1283,0085247898887"
CD_3,Cliente_44,"202,34960967950204"
CD_3,Cliente_45,"202,34960967950204"
CD_3,Cliente_46,"202,34960967950204"
CD_3,Cliente_47,"202,34960967950204"
CD_3,Cliente_48,"240,01155720025187"
CD_3,Cliente_49,"240,01155720025187"
CD_3,Cliente_50,"240,01155720025187"
CD_3,Cliente_51,"1996,4801871613506"
CD_3,Cliente_52,"1996,4801871613506"
CD_3,Cliente_53,"1996,4801871613506"
CD_3,Cliente_54,"1996,4801871613506"
CD_3,Cliente_55,"1372,4739665719483"
CD_3,Cliente_56,"1372,4739665719483"
CD_3,Cliente_57,"738,6530728547159"
CD_3,Cliente_58,"758,1441697170633"
CD_3,Cliente_59,"738,6530728547159"
CD_3,Cliente_60,"738,6530728547159"
CD_3,Cliente_61,"738,6530728547159"
CD_3,Cliente_62,"758,1441697170633"
CD_3,Cliente_63,"758,1441697170633"
CD_3,Cliente_64,"758,1441697170633"
CD_3,Cliente_65,"1044,3293566127477"
CD_3,Cliente_66,"1044,3293566127477"
CD_3,Cliente_67,"1044,3293566127477"
CD_3,Cliente_68,"1044,3293566127477"
CD_3,Cliente_69,"1322,9869949781644"
CD_3,Cliente_70,"1322,9869949781644"
CD_3,Cliente_71,"1322,9869949781644"
CD_3,Cliente_72,"1138,8218389425344"
CD_3,Cliente_73,"1138,8218389425344"
CD_3,Cliente_74,"1138,8218389425344"
CD_3,Cliente_75,"1138,8218389425344"
CD_3,Cliente_76,"1267,7986631828646"
CD_3,Cliente_77,"1267,7986631828646"
CD_3,Cliente_78,"1267,7986631828646"
CD_3,Cliente_79,"1961,8786214569236"
CD_3,Cliente_80,"1961,8786214569236"
CD_3,Cliente_81,"1961,8786214569236"
CD_3,Cliente_82,"1961,8786214569236"
CD_3,Cliente_83,"1983,443077803259"
CD_3,Cliente_84,"1983,443077803259"
CD_3,Cliente_85,"2239,533969946839"
CD_3,Cliente_86,"2239,533969946839"
CD_3,Cliente_87,"2239,533969946839"
CD_3,Cliente_88,"2239,533969946839"
CD_3,Cliente_89,"2161,8778156601384"
CD_3,Cliente_90,"2161,8778156601384"
CD_3,Cliente_91,"2161,8778156601384"
CD_3,Cliente_92,"2123,324626328259"
CD_3,Cliente_93,"1933,0631201409383"
CD_3,Cliente_94,"2123,324626328259"
CD_3,Cliente_95,"2123,324626328259"
CD_3,Cliente_96,"2123,324626328259"
CD_3,Cliente_97,"1933,0631201409383"
CD_3,Cliente_98,"1933,0631201409383"
CD_3,Cliente_99,"1933,0631201409383"
CD_3,Cliente_100,"1680,2212207511764"
CD_3,Cliente_101,"1680,2212207511764"
CD_3,Cliente_102,"1680,2212207511764"
CD_3,Cliente_103,"2003,7653467492255"
CD_3,Cliente_104,"1389,8754935682357"
CD_3,Cliente_105,"1389,8754935682357"
CD_3,Cliente_106,"1389,8754935682357"
CD_3,Cliente_107,"1389,8754935682357"
CD_3,Cliente_108,"1283,2988179546164"
CD_3,Cliente_109,"1283,2988179546164"
CD_3,Cliente_110,"1283,2988179546164"
CD_3,Cliente_111,"1154,9194326966224"
CD_3,Cliente_112,"1154,9194326966224"
CD_3,Cliente_113,"1154,9194326966224"
CD_3,Cliente_114,"1154,9194326966224"
CD_3,Cliente_115,"1224,6089446674644"
CD_3,Cliente_116,"1224,6089446674644"
CD_3,Cliente_117,"1224,6089446674644"
CD_3,Cliente_118,"2406,841528637221"
CD_3,Cliente_119,"2406,841528637221"
CD_3,Cliente_120,"2406,841528637221"
CD_3,Cliente_121,"2243,6463729630977"
CD_3,Cliente_122,"2618,851781634984"
CD_3,Cliente_123,"2618,851781634984"
CD_3,Cliente_124,"2141,683998693579"
CD_3,Cliente_125,"2141,683998693579"
CD_3,Cliente_126,"4288,010447988502"
CD_3,Cliente_127,"4288,010447988502"
CD_3,Cliente_128,"2116,001202560864"
CD_3,Cliente_129,"2111,484831661975"
CD_3,Cliente_130,"2116,001202560864"
CD_3,Cliente_131,"2116,001202560864"
CD_3,Cliente_132,"2116,001202560864"
CD_3,Cliente_133,"2111,484831661975"
CD_3,Cliente_134,"2111,484831661975"
CD_3,Cliente_135,"2111,484831661975"
CD_3,Cliente_136,"1675,570686942791"
CD_3,Cliente_137,"1675,570686942791"
CD_3,Cliente_138,"1675,570686942791"
CD_3,Cliente_139,"1675,570686942791"
CD_3,Cliente_140,"1620,113040948527"
CD_3,Cliente_141,"1620,113040948527"
CD_3,Cliente_142,"1620,113040948527"
CD_3,Cliente_143,"1636,0060477386494"
CD_3,Cliente_144,"1636,0060477386494"
CD_3,Cliente_145,"1636,0060477386494"
CD_3,Cliente_146,"1636,0060477386494"
CD_3,Cliente_147,"1007,8377619648953"
CD_3,Cliente_148,"904,4073627375637"
CD_3,Cliente_149,"1007,8377619648953"
CD_3,Cliente_150,"1007,8377619648953"
CD_3,Cliente_151,"1007,8377619648953"
CD_3,Cliente_152,"1007,8377619648953"
CD_3,Cliente_153,"904,4073627375637"
CD_3,Cliente_154,"904,4073627375637"
CD_3,Cliente_155,"904,4073627375637"
CD_3,Cliente_156,"806,6956310197561"
CD_3,Cliente_157,"806,6956310197561"
CD_3,Cliente_158,"806,6956310197561"
CD_3,Cliente_159,"806,6956310197561"
CD_3,Cliente_160,"1085,7584601926276"
CD_3,Cliente_161,"1085,7584601926276"
CD_3,Cliente_162,"1085,7584601926276"
CD_5,Cliente_1,"2921,2308859490468"
CD_5,Cliente_2,"2921,2308859490468"
CD_5,Cliente_3,"2921,2308859490468"
CD_5,Cliente_4,"2092,1317204751285"
CD_5,Cliente_5,"2092,1317204751285"
CD_5,Cliente_6,"2092,1317204751285"
CD_5,Cliente_7,"2092,1317204751285"
CD_5,Cliente_8,"2047,3576893096542"
CD_5,Cliente_9,"2047,3576893096542"
CD_5,Cliente_10,"3306,9841535265878"
CD_5,Cliente_11,"3306,9841535265878"
CD_5,Cliente_12,"3306,9841535265878"
CD_5,Cliente_13,"3306,9841535265878"
CD_5,Cliente_14,"3051,4878303695623"
CD_5,Cliente_15,"2518,709885019652"
CD_5,Cliente_16,"2518,709885019652"
CD_5,Cliente_17,"1641,1172910681432"
CD_5,Cliente_18,"1323,4112791819189"
CD_5,Cliente_19,"1641,1172910681432"
CD_5,Cliente_20,"1641,1172910681432"
CD_5,Cliente_21,"1641,1172910681432"
CD_5,Cliente_22,"1323,4112791819189"
CD_5,Cliente_23,"1323,4112791819189"
CD_5,Cliente_24,"2316,6290973612245"
CD_5,Cliente_25,"2316,6290973612245"
CD_5,Cliente_26,"2316,6290973612245"
CD_5,Cliente_27,"2316,6290973612245"
CD_5,Cliente_28,"2134,786121853071"
CD_5,Cliente_29,"2134,786121853071"
CD_5,Cliente_30,"2134,786121853071"
CD_5,Cliente_31,"203,00000000000009"
CD_5,Cliente_32,"203,00000000000009"
CD_5,Cliente_33,"203,00000000000009"
CD_5,Cliente_34,"203,00000000000009"
CD_5,Cliente_35,"203,00000000000009"
CD_5,Cliente_36,"1387,999496806725"
CD_5,Cliente_37,"1396,7716649073434"
CD_5,Cliente_38,"1387,999496806725"
CD_5,Cliente_39,"1387,999496806725"
CD_5,Cliente_40,"1387,999496806725"
CD_5,Cliente_41,"1396,7716649073434"
CD_5,Cliente_42,"1396,7716649073434"
CD_5,Cliente_43,"1396,7716649073434"
CD_5,Cliente_44,"22,43586768123479"
CD_5,Cliente_45,"22,43586768123479"
CD_5,Cliente_46,"22,43586768123479"
CD_5,Cliente_47,"22,43586768123479"
CD_5,Cliente_48,"243,7418254553485"
CD_5,Cliente_49,"243,7418254553485"
CD_5,Cliente_50,"243,7418254553485"
CD_5,Cliente_51,"2017,4673665623645"
CD_5,Cliente_52,"2017,4673665623645"
CD_5,Cliente_53,"2017,4673665623645"
CD_5,Cliente_54,"2017,4673665623645"
CD_5,Cliente_55,"1560,076073129889"
CD_5,Cliente_56,"1560,076073129889"
CD_5,Cliente_57,"879,615217725789"
CD_5,Cliente_58,"873,8413507777076"
CD_5,Cliente_59,"879,615217725789"
CD_5,Cliente_60,"879,615217725789"
CD_5,Cliente_61,"879,615217725789"
CD_5,Cliente_62,"873,8413507777076"
CD_5,Cliente_63,"873,8413507777076"
CD_5,Cliente_64,"873,8413507777076"
CD_5,Cliente_65,"841,321010245852"
CD_5,Cliente_66,"841,321010245852"
CD_5,Cliente_67,"841,321010245852"
CD_5,Cliente_68,"841,321010245852"
CD_5,Cliente_69,"1007,0407353745306"
CD_5,Cliente_70,"1007,0407353745306"
CD_5,Cliente_71,"1007,0407353745306"
CD_5,Cliente_72,"934,8460685260225"
CD_5,Cliente_73,"934,8460685260225"
CD_5,Cliente_74,"934,8460685260225"
CD_5,Cliente_75,"934,8460685260225"
CD_5,Cliente_76,"1256,985217264509"
CD_5,Cliente_77,"1256,985217264509"
CD_5,Cliente_78,"1256,985217264509"
CD_5,Cliente_79,"1981,910424374932"
CD_5,Cliente_80,"1981,910424374932"
CD_5,Cliente_81,"1981,910424374932"
CD_5,Cliente_82,"1981,910424374932"
CD_5,Cliente_83,"1973,7003825740546"
CD_5,Cliente_84,"1973,7003825740546"
CD_5,Cliente_85,"2440,537323205952"
CD_5,Cliente_86,"2440,537323205952"
CD_5,Cliente_87,"2440,537323205952"
CD_5,Cliente_88,"2440,537323205952"
CD_5,Cliente_89,"2404,463334572557"
CD_5,Cliente_90,"2404,463334572557"
CD_5,Cliente_91,"2404,463334572557"
CD_5,Cliente_92,"2323,27351458274"
CD_5,Cliente_93,"2209,0023353814604"
CD_5,Cliente_94,"2323,27351458274"
CD_5,Cliente_95,"2323,27351458274"
CD_5,Cliente_96,"2323,27351458274"
CD_5,Cliente_97,"2209,0023353814604"
CD_5,Cliente_98,"2209,0023353814604"
CD_5,Cliente_99,"2209,0023353814604"
CD_5,Cliente_100,"1881,2214660126256"
CD_5,Cliente_101,"1881,2214660126256"
CD_5,Cliente_102,"1881,2214660126256"
CD_5,Cliente_103,"1867,2019313048802"
CD_5,Cliente_104,"1327,844973265419"
CD_5,Cliente_105,"1327,844973265419"
CD_5,Cliente_106,"1327,844973265419"
CD_5,Cliente_107,"1327,844973265419"
CD_5,Cliente_108,"1052,0159870455004"
CD_5,Cliente_109,"1052,0159870455004"
CD_5,Cliente_110,"1052,0159870455004"
CD_5,Cliente_111,"1686,5657899387147"
CD_5,Cliente_112,"1686,5657899387147"
CD_5,Cliente_113,"1686,5657899387147"
CD_5,Cliente_114,"1686,5657899387147"
CD_5,Cliente_115,"1311,8187302174626"
CD_5,Cliente_116,"1311,8187302174626"
CD_5,Cliente_117,"1311,8187302174626"
CD_5,Cliente_118,"2608,832093069098"
CD_5,Cliente_119,"2608,832093069098"
CD_5,Cliente_120,"2608,832093069098"
CD_5,Cliente_121,"2493,0654976617693"
CD_5,Cliente_122,"2414,860351466868"
CD_5,Cliente_123,"2414,860351466868"
CD_5,Cliente_124,"1937,8489071020213"
CD_5,Cliente_125,"1937,8489071020213"
CD_5,Cliente_126,"4084,010447988503"
CD_5,Cliente_127,"4084,010447988503"
CD_5,Cliente_128,"2053,004470778259"
CD_5,Cliente_129,"1918,2920684848946"
CD_5,Cliente_130,"2053,004470778259"
CD_5,Cliente_131,"2053,004470778259"
CD_5,Cliente_132,"2053,004470778259"
CD_5,Cliente_133,"1918,2920684848946"
CD_5,Cliente_134,"1918,2920684848946"
CD_5,Cliente_135,"1918,2920684848946"
CD_5,Cliente_136,"1612,5729276889138"
CD_5,Cliente_137,"1612,5729276889138"
CD_5,Cliente_138,"1612,5729276889138"
CD_5,Cliente_139,"1612,5729276889138"
CD_5,Cliente_140,"1515,334817781747"
CD_5,Cliente_141,"1515,334817781747"
CD_5,Cliente_142,"1515,334817781747"
CD_5,Cliente_143,"1837,0075404222164"
CD_5,Cliente_144,"1837,0075404222164"
CD_5,Cliente_145,"1837,0075404222164"
CD_5,Cliente_146,"1837,0075404222164"
CD_5,Cliente_147,"945,747838073679"
CD_5,Cliente_148,"820,378132677859"
CD_5,Cliente_149,"945,747838073679"
CD_5,Cliente_150,"945,747838073679"
CD_5,Cliente_151,"945,747838073679"
CD_5,Cliente_152,"945,747838073679"
CD_5,Cliente_153,"820,378132677859"
CD_5,Cliente_154,"820,378132677859"
CD_5,Cliente_155,"820,378132677859"
CD_5,Cliente_156,"826,8352308167658"
CD_5,Cliente_157,"826,8352308167658"
CD_5,Cliente_158,"826,8352308167658"
CD_5,Cliente_159,"826,8352308167658"
CD_5,Cliente_160,"1136,3428696469068"
CD_5,Cliente_161,"1136,3428696469068"
CD_5,Cliente_162,"1136,3428696469068"
CD_4,Cliente_1,"3540,2314134273806"
CD_4,Cliente_2,"3540,2314134273806"
CD_4,Cliente_3,"3540,2314134273806"
CD_4,Cliente_4,"1829,1316783269017"
CD_4,Cliente_5,"1829,1316783269017"
CD_4,Cliente_6,"1829,1316783269017"
CD_4,Cliente_7,"1829,1316783269017"
CD_4,Cliente_8,"1736,8071511424769"
CD_4,Cliente_9,"1736,8071511424769"
CD_4,Cliente_10,"3925,9889995167696"
CD_4,Cliente_11,"3925,9889995167696"
CD_4,Cliente_12,"3925,9889995167696"
CD_4,Cliente_13,"3925,9889995167696"
CD_4,Cliente_14,"3670,490253364653"
CD_4,Cliente_15,"3211,724390768669"
CD_4,Cliente_16,"3211,724390768669"
CD_4,Cliente_17,"1377,5231310771298"
CD_4,Cliente_18,"1107,0168456353697"
CD_4,Cliente_19,"1377,5231310771298"
CD_4,Cliente_20,"1377,5231310771298"
CD_4,Cliente_21,"1377,5231310771298"
CD_4,Cliente_22,"1107,0168456353697"
CD_4,Cliente_23,"1107,0168456353697"
CD_4,Cliente_24,"2356,767529477276"
CD_4,Cliente_25,"2356,767529477276"
CD_4,Cliente_26,"2356,767529477276"
CD_4,Cliente_27,"2356,767529477276"
CD_4,Cliente_28,"1953,791064480604"
CD_4,Cliente_29,"1953,791064480604"
CD_4,Cliente_30,"1953,791064480604"
CD_4,Cliente_31,"727,0000000000001"
CD_4,Cliente_32,"727,0000000000001"
CD_4,Cliente_33,"727,0000000000001"
CD_4,Cliente_34,"727,0000000000001"
CD_4,Cliente_35,"727,0000000000001"
CD_4,Cliente_36,"529,3225340835592"
CD_4,Cliente_37,"566,3947380503624"
CD_4,Cliente_38,"529,3225340835592"
CD_4,Cliente_39,"529,3225340835592"
CD_4,Cliente_40,"529,3225340835592"
CD_4,Cliente_41,"566,3947380503624"
CD_4,Cliente_42,"566,3947380503624"
CD_4,Cliente_43,"566,3947380503624"
CD_4,Cliente_44,"867,8660351171823"
CD_4,Cliente_45,"867,8660351171823"
CD_4,Cliente_46,"867,8660351171823"
CD_4,Cliente_47,"867,8660351171823"
CD_4,Cliente_48,"842,2552433750631"
CD_4,Cliente_49,"842,2552433750631"
CD_4,Cliente_50,"842,2552433750631"
CD_4,Cliente_51,"2711,470906809792"
CD_4,Cliente_52,"2711,470906809792"
CD_4,Cliente_53,"2711,470906809792"
CD_4,Cliente_54,"2711,470906809792"
CD_4,Cliente_55,"2176,707027646245"
CD_4,Cliente_56,"2176,707027646245"
CD_4,Cliente_57,"27,536402031668995"
CD_4,Cliente_58,"329,87658657748995"
CD_4,Cliente_59,"27,536402031668995"
CD_4,Cliente_60,"27,536402031668995"
CD_4,Cliente_61,"27,536402031668995"
CD_4,Cliente_62,"329,87658657748995"
CD_4,Cliente_63,"329,87658657748995"
CD_4,Cliente_64,"329,87658657748995"
CD_4,Cliente_65,"1530,3797690554875"
CD_4,Cliente_66,"1530,3797690554875"
CD_4,Cliente_67,"1530,3797690554875"
CD_4,Cliente_68,"1530,3797690554875"
CD_4,Cliente_69,"1558,4081027132427"
CD_4,Cliente_70,"1558,4081027132427"
CD_4,Cliente_71,"1558,4081027132427"
CD_4,Cliente_72,"1580,845943425024"
CD_4,Cliente_73,"1580,845943425024"
CD_4,Cliente_74,"1580,845943425024"
CD_4,Cliente_75,"1580,845943425024"
CD_4,Cliente_76,"1894,8558056941931"
CD_4,Cliente_77,"1894,8558056941931"
CD_4,Cliente_78,"1894,8558056941931"
CD_4,Cliente_79,"2675,9110406197115"
CD_4,Cliente_80,"2675,9110406197115"
CD_4,Cliente_81,"2675,9110406197115"
CD_4,Cliente_82,"2675,9110406197115"
CD_4,Cliente_83,"2857,286305937077"
CD_4,Cliente_84,"2857,286305937077"
CD_4,Cliente_85,"2177,5360193053984"
CD_4,Cliente_86,"2177,5360193053984"
CD_4,Cliente_87,"2177,5360193053984"
CD_4,Cliente_88,"2177,5360193053984"
CD_4,Cliente_89,"2099,9800370636"
CD_4,Cliente_90,"2099,9800370636"
CD_4,Cliente_91,"2099,9800370636"
CD_4,Cliente_92,"2059,3202413951303"
CD_4,Cliente_93,"1841,7944050519457"
CD_4,Cliente_94,"2059,3202413951303"
CD_4,Cliente_95,"2059,3202413951303"
CD_4,Cliente_96,"2059,3202413951303"
CD_4,Cliente_97,"1841,7944050519457"
CD_4,Cliente_98,"1841,7944050519457"
CD_4,Cliente_99,"1841,7944050519457"
CD_4,Cliente_100,"2377,17587258544"
CD_4,Cliente_101,"2377,17587258544"
CD_4,Cliente_102,"2377,17587258544"
CD_4,Cliente_103,"2440,1895848849435"
CD_4,Cliente_104,"970,9743310246996"
CD_4,Cliente_105,"970,9743310246996"
CD_4,Cliente_106,"970,9743310246996"
CD_4,Cliente_107,"970,9743310246996"
CD_4,Cliente_108,"1213,0890629289288"
CD_4,Cliente_109,"1213,0890629289288"
CD_4,Cliente_110,"1213,0890629289288"
CD_4,Cliente_111,"430,7640280094838"
CD_4,Cliente_112,"430,7640280094838"
CD_4,Cliente_113,"430,7640280094838"
CD_4,Cliente_114,"430,7640280094838"
CD_4,Cliente_115,"461,2002384444358"
CD_4,Cliente_116,"461,2002384444358"
CD_4,Cliente_117,"461,2002384444358"
CD_4,Cliente_118,"2344,9109744636626"
CD_4,Cliente_119,"2344,9109744636626"
CD_4,Cliente_120,"2344,9109744636626"
CD_4,Cliente_121,"2182,6190639352453"
CD_4,Cliente_122,"3033,9798087938325"
CD_4,Cliente_123,"3033,9798087938325"
CD_4,Cliente_124,"2572,838415045796"
CD_4,Cliente_125,"2572,838415045796"
CD_4,Cliente_126,"4703,010447988504"
CD_4,Cliente_127,"4703,010447988504"
CD_4,Cliente_128,"1697,9907039917687"
CD_4,Cliente_129,"1659,1936371865168"
CD_4,Cliente_130,"1697,9907039917687"
CD_4,Cliente_131,"1697,9907039917687"
CD_4,Cliente_132,"1697,9907039917687"
CD_4,Cliente_133,"1659,1936371865168"
CD_4,Cliente_134,"1659,1936371865168"
CD_4,Cliente_135,"1659,1936371865168"
CD_4,Cliente_136,"1257,4938224403218"
CD_4,Cliente_137,"1257,4938224403218"
CD_4,Cliente_138,"1257,4938224403218"
CD_4,Cliente_139,"1257,4938224403218"
CD_4,Cliente_140,"1261,259893292692"
CD_4,Cliente_141,"1261,259893292692"
CD_4,Cliente_142,"1261,259893292692"
CD_4,Cliente_143,"1574,0075124991095"
CD_4,Cliente_144,"1574,0075124991095"
CD_4,Cliente_145,"1574,0075124991095"
CD_4,Cliente_146,"1574,0075124991095"
CD_4,Cliente_147,"578,4455884507295"
CD_4,Cliente_148,"670,2593729461028"
CD_4,Cliente_149,"578,4455884507295"
CD_4,Cliente_150,"578,4455884507295"
CD_4,Cliente_151,"578,4455884507295"
CD_4,Cliente_152,"578,4455884507295"
CD_4,Cliente_153,"670,2593729461028"
CD_4,Cliente_154,"670,2593729461028"
CD_4,Cliente_155,"670,2593729461028"
CD_4,Cliente_156,"1520,682538963162"
CD_4,Cliente_157,"1520,682538963162"
CD_4,Cliente_158,"1520,682538963162"
CD_4,Cliente_159,"1520,682538963162"
CD_4,Cliente_160,"1796,5254032166831"
CD_4,Cliente_161,"1796,5254032166831"
CD_4,Cliente_162,"1796,5254032166831"
CD_13,Cliente_1,"1964,2314274977211"
CD_13,Cliente_2,"1964,2314274977211"
CD_13,Cliente_3,"1964,2314274977211"
CD_13,Cliente_4,"3021,202959176473"
CD_13,Cliente_5,"3021,202959176473"
CD_13,Cliente_6,"3021,202959176473"
CD_13,Cliente_7,"3021,202959176473"
CD_13,Cliente_8,"2981,3576893096542"
CD_13,Cliente_9,"2981,3576893096542"
CD_13,Cliente_10,"2350,9864702995847"
CD_13,Cliente_11,"2350,9864702995847"
CD_13,Cliente_12,"2350,9864702995847"
CD_13,Cliente_13,"2350,9864702995847"
CD_13,Cliente_14,"2095,201789365842"
CD_13,Cliente_15,"3045,7243907686693"
CD_13,Cliente_16,"3045,7243907686693"
CD_13,Cliente_17,"2573,1123879991196"
CD_13,Cliente_18,"2319,6113606950234"
CD_13,Cliente_19,"2573,1123879991196"
CD_13,Cliente_20,"2573,1123879991196"
CD_13,Cliente_21,"2573,1123879991196"
CD_13,Cliente_22,"2319,6113606950234"
CD_13,Cliente_23,"2319,6113606950234"
CD_13,Cliente_24,"3248,627913169555"
CD_13,Cliente_25,"3248,627913169555"
CD_13,Cliente_26,"3248,627913169555"
CD_13,Cliente_27,"3248,627913169555"
CD_13,Cliente_28,"3190,3611108529544"
CD_13,Cliente_29,"3190,3611108529544"
CD_13,Cliente_30,"3190,3611108529544"
CD_13,Cliente_31,1135
CD_13,Cliente_32,1135
CD_13,Cliente_33,1135
CD_13,Cliente_34,1135
CD_13,Cliente_35,1135
CD_13,Cliente_36,"2319,9973253616035"
CD_13,Cliente_37,"2333,4040227109676"
CD_13,Cliente_38,"2319,9973253616035"
CD_13,Cliente_39,"2319,9973253616035"
CD_13,Cliente_40,"2319,9973253616035"
CD_13,Cliente_41,"2333,4040227109676"
CD_13,Cliente_42,"2333,4040227109676"
CD_13,Cliente_43,"2333,4040227109676"
CD_13,Cliente_44,"933,4733471194"
CD_13,Cliente_45,"933,4733471194"
CD_13,Cliente_46,"933,4733471194"
CD_13,Cliente_47,"933,4733471194"
CD_13,Cliente_48,"944,104288690326"
CD_13,Cliente_49,"944,104288690326"
CD_13,Cliente_50,"944,104288690326"
CD_13,Cliente_51,"2748,4996315220133"
CD_13,Cliente_52,"2748,4996315220133"
CD_13,Cliente_53,"2748,4996315220133"
CD_13,Cliente_54,"2748,4996315220133"
CD_13,Cliente_55,"2277,6655870445893"
CD_13,Cliente_56,"2277,6655870445893"
CD_13,Cliente_57,"1773,5026920955304"
CD_13,Cliente_58,"1726,2326513854093"
CD_13,Cliente_59,"1773,5026920955304"
CD_13,Cliente_60,"1773,5026920955304"
CD_13,Cliente_61,"1773,5026920955304"
CD_13,Cliente_62,"1726,2326513854093"
CD_13,Cliente_63,"1726,2326513854093"
CD_13,Cliente_64,"1726,2326513854093"
CD_13,Cliente_65,"704,0180514288056"
CD_13,Cliente_66,"704,0180514288056"
CD_13,Cliente_67,"704,0180514288056"
CD_13,Cliente_68,"704,0180514288056"
CD_13,Cliente_69,"963,0079468511425"
CD_13,Cliente_70,"963,0079468511425"
CD_13,Cliente_71,"963,0079468511425"
CD_13,Cliente_72,"23,400091034741763"
CD_13,Cliente_73,"23,400091034741763"
CD_13,Cliente_74,"23,400091034741763"
CD_13,Cliente_75,"23,400091034741763"
CD_13,Cliente_76,"370,3207894295948"
CD_13,Cliente_77,"370,3207894295948"
CD_13,Cliente_78,"370,3207894295948"
CD_13,Cliente_79,"2505,7455590663913"
CD_13,Cliente_80,"2505,7455590663913"
CD_13,Cliente_81,"2505,7455590663913"
CD_13,Cliente_82,"2505,7455590663913"
CD_13,Cliente_83,"2216,560172293114"
CD_13,Cliente_84,"2216,560172293114"
CD_13,Cliente_85,"3371,560157797157"
CD_13,Cliente_86,"3371,560157797157"
CD_13,Cliente_87,"3371,560157797157"
CD_13,Cliente_88,"3371,560157797157"
CD_13,Cliente_89,"3349,2581125541196"
CD_13,Cliente_90,"3349,2581125541196"
CD_13,Cliente_91,"3349,2581125541196"
CD_13,Cliente_92,"3254,3305469524366"
CD_13,Cliente_93,"3050,393442011954"
CD_13,Cliente_94,"3254,3305469524366"
CD_13,Cliente_95,"3254,3305469524366"
CD_13,Cliente_96,"3254,3305469524366"
CD_13,Cliente_97,"3050,393442011954"
CD_13,Cliente_98,"3050,393442011954"
CD_13,Cliente_99,"3050,393442011954"
CD_13,Cliente_100,"2815,221466012625"
CD_13,Cliente_101,"2815,221466012625"
CD_13,Cliente_102,"2815,221466012625"
CD_13,Cliente_103,"2776,2118589839047"
CD_13,Cliente_104,"1717,522165199671"
CD_13,Cliente_105,"1717,522165199671"
CD_13,Cliente_106,"1717,522165199671"
CD_13,Cliente_107,"1717,522165199671"
CD_13,Cliente_108,"1449,1100191802254"
CD_13,Cliente_109,"1449,1100191802254"
CD_13,Cliente_110,"1449,1100191802254"
CD_13,Cliente_111,"1799,9443349651224"
CD_13,Cliente_112,"1799,9443349651224"
CD_13,Cliente_113,"1799,9443349651224"
CD_13,Cliente_114,"1799,9443349651224"
CD_13,Cliente_115,"2052,5369850111565"
CD_13,Cliente_116,"2052,5369850111565"
CD_13,Cliente_117,"2052,5369850111565"
CD_13,Cliente_118,3506
CD_13,Cliente_119,3506
CD_13,Cliente_120,3506
CD_13,Cliente_121,"3424,6152583846065"
CD_13,Cliente_122,"1458,9676568376183"
CD_13,Cliente_123,"1458,9676568376183"
CD_13,Cliente_124,"997,0036280663901"
CD_13,Cliente_125,"997,0036280663901"
CD_13,Cliente_126,"3128,0104479885035"
CD_13,Cliente_127,"3128,0104479885035"
CD_13,Cliente_128,"2446,6405153374726"
CD_13,Cliente_129,"2074,056546024018"
CD_13,Cliente_130,"2446,6405153374726"
CD_13,Cliente_131,"2446,6405153374726"
CD_13,Cliente_132,"2446,6405153374726"
CD_13,Cliente_133,"2074,056546024018"
CD_13,Cliente_134,"2074,056546024018"
CD_13,Cliente_135,"2074,056546024018"
CD_13,Cliente_136,"2016,5834705071154"
CD_13,Cliente_137,"2016,5834705071154"
CD_13,Cliente_138,"2016,5834705071154"
CD_13,Cliente_139,"2016,5834705071154"
CD_13,Cliente_140,"1880,158841538711"
CD_13,Cliente_141,"1880,158841538711"
CD_13,Cliente_142,"1880,158841538711"
CD_13,Cliente_143,"2588,1088014285338"
CD_13,Cliente_144,"2588,1088014285338"
CD_13,Cliente_145,"2588,1088014285338"
CD_13,Cliente_146,"2588,1088014285338"
CD_13,Cliente_147,"1527,8570376278242"
CD_13,Cliente_148,"1338,7761088082004"
CD_13,Cliente_149,"1527,8570376278242"
CD_13,Cliente_150,"1527,8570376278242"
CD_13,Cliente_151,"1527,8570376278242"
CD_13,Cliente_152,"1527,8570376278242"
CD_13,Cliente_153,"1338,7761088082004"
CD_13,Cliente_154,"1338,7761088082004"
CD_13,Cliente_155,"1338,7761088082004"
CD_13,Cliente_156,"1506,8404115391027"
CD_13,Cliente_157,"1506,8404115391027"
CD_13,Cliente_158,"1506,8404115391027"
CD_13,Cliente_159,"1506,8404115391027"
CD_13,Cliente_160,"1782,8919994062176"
CD_13,Cliente_161,"1782,8919994062176"
CD_13,Cliente_162,"1782,8919994062176"
CD_14,Cliente_1,"3064,2314134273815"
CD_14,Cliente_2,"3064,2314134273815"
CD_14,Cliente_3,"3064,23141342738"
CD_14,Cliente_4,"2075,035639040101"
CD_14,Cliente_5,"2075,035639040101"
CD_14,Cliente_6,"2075,035639040101"
CD_14,Cliente_7,"2075,035639040101"
CD_14,Cliente_8,"1950,804954561464"
CD_14,Cliente_9,"1950,804954561464"
CD_14,Cliente_10,"3049,8756595142495"
CD_14,Cliente_11,"3049,8756595142495"
CD_14,Cliente_12,"3049,8756595142495"
CD_14,Cliente_13,"3049,8756595142495"
CD_14,Cliente_14,"2742,0086107764023"
CD_14,Cliente_15,"554,7243907686694"
CD_14,Cliente_16,"554,7243907686694"
CD_14,Cliente_17,"2113,739468644689"
CD_14,Cliente_18,"2261,3754055014188"
CD_14,Cliente_19,"2113,739468644689"
CD_14,Cliente_20,"2113,739468644689"
CD_14,Cliente_21,"2113,739468644689"
CD_14,Cliente_22,"2261,3754055014188"
CD_14,Cliente_23,"2261,3754055014188"
CD_14,Cliente_24,"1556,3968489058063"
CD_14,Cliente_25,"1556,3968489058063"
CD_14,Cliente_26,"1556,3968489058063"
CD_14,Cliente_27,"1556,3968489058063"
CD_14,Cliente_28,"1478,8950538372153"
CD_14,Cliente_29,"1478,8950538372153"
CD_14,Cliente_30,"1478,8950538372153"
CD_14,Cliente_31,1943
CD_14,Cliente_32,1943
CD_14,Cliente_33,1943
CD_14,Cliente_34,1943
CD_14,Cliente_35,1943
CD_14,Cliente_36,"3093,6913794464967"
CD_14,Cliente_37,"3052,7209042465824"
CD_14,Cliente_38,"3093,6913794464967"
CD_14,Cliente_39,"3093,6913794464967"
CD_14,Cliente_40,"3093,6913794464967"
CD_14,Cliente_41,"3052,7209042465824"
CD_14,Cliente_42,"3052,7209042465824"
CD_14,Cliente_43,"3052,7209042465824"
CD_14,Cliente_44,"1963,0658906486804"
CD_14,Cliente_45,"1963,0658906486804"
CD_14,Cliente_46,"1963,0658906486804"
CD_14,Cliente_47,"1963,0658906486804"
CD_14,Cliente_48,"1969,3972936743507"
CD_14,Cliente_49,"1969,3972936743507"
CD_14,Cliente_50,"1969,3972936743507"
CD_14,Cliente_51,"565,6988024801971"
CD_14,Cliente_52,"565,6988024801971"
CD_14,Cliente_53,"565,6988024801971"
CD_14,Cliente_54,"565,6988024801971"
CD_14,Cliente_55,"598,5960682290623"
CD_14,Cliente_56,"598,5960682290623"
CD_14,Cliente_57,"2669,607419540008"
CD_14,Cliente_58,"2608,566360189872"
CD_14,Cliente_59,"2669,607419540008"
CD_14,Cliente_60,"2669,607419540008"
CD_14,Cliente_61,"2669,607419540008"
CD_14,Cliente_62,"2608,566360189872"
CD_14,Cliente_63,"2608,566360189872"
CD_14,Cliente_64,"2608,566360189872"
CD_14,Cliente_65,"2801,8807114570536"
CD_14,Cliente_66,"2801,8807114570536"
CD_14,Cliente_67,"2801,8807114570536"
CD_14,Cliente_68,"2801,8807114570536"
CD_14,Cliente_69,"3113,835261351707"
CD_14,Cliente_70,"3113,835261351707"
CD_14,Cliente_71,"3113,835261351707"
CD_14,Cliente_72,"2489,896649336506"
CD_14,Cliente_73,"2489,896649336506"
CD_14,Cliente_74,"2489,896649336506"
CD_14,Cliente_75,"2489,896649336506"
CD_14,Cliente_76,"2331,8140530188816"
CD_14,Cliente_77,"2331,8140530188816"
CD_14,Cliente_78,"2331,8140530188816"
CD_14,Cliente_79,"21,346325688692666"
CD_14,Cliente_80,"21,346325688692666"
CD_14,Cliente_81,"21,346325688692666"
CD_14,Cliente_82,"21,346325688692666"
CD_14,Cliente_83,"907,5080590705531"
CD_14,Cliente_84,"907,5080590705531"
CD_14,Cliente_85,"2223,3519345858103"
CD_14,Cliente_86,"2223,3519345858103"
CD_14,Cliente_87,"2223,3519345858103"
CD_14,Cliente_88,"2223,3519345858103"
CD_14,Cliente_89,"1776,9090891034257"
CD_14,Cliente_90,"1776,9090891034257"
CD_14,Cliente_91,"1776,9090891034257"
CD_14,Cliente_92,"2016,4018822939138"
CD_14,Cliente_93,"1689,7428121856285"
CD_14,Cliente_94,"2016,4018822939138"
CD_14,Cliente_95,"2016,4018822939138"
CD_14,Cliente_96,"2016,4018822939138"
CD_14,Cliente_97,"1689,7428121856285"
CD_14,Cliente_98,"1689,7428121856285"
CD_14,Cliente_99,"1689,7428121856285"
CD_14,Cliente_100,"891,2803044750536"
CD_14,Cliente_101,"891,2803044750536"
CD_14,Cliente_102,"891,2803044750536"
CD_14,Cliente_103,"1154,3675366519674"
CD_14,Cliente_104,"3290,860290392529"
CD_14,Cliente_105,"3290,860290392529"
CD_14,Cliente_106,"3290,860290392529"
CD_14,Cliente_107,"3290,860290392529"
CD_14,Cliente_108,"3156,5351286531986"
CD_14,Cliente_109,"3156,5351286531986"
CD_14,Cliente_110,"3156,5351286531986"
CD_14,Cliente_111,"3094,8265789841043"
CD_14,Cliente_112,"3094,8265789841043"
CD_14,Cliente_113,"3094,8265789841043"
CD_14,Cliente_114,"3094,8265789841043"
CD_14,Cliente_115,"3058,418291239423"
CD_14,Cliente_116,"3058,418291239423"
CD_14,Cliente_117,"3058,418291239423"
CD_14,Cliente_118,"2070,8969461555107"
CD_14,Cliente_119,"2070,8969461555107"
CD_14,Cliente_120,"2070,8969461555107"
CD_14,Cliente_121,"1940,983518122709"
CD_14,Cliente_122,"2557,9238045004167"
CD_14,Cliente_123,"2557,9238045004167"
CD_14,Cliente_124,"3013,03416985289"
CD_14,Cliente_125,"3013,03416985289"
CD_14,Cliente_126,"3826,0104479885044"
CD_14,Cliente_127,"3826,0104479885044"
CD_14,Cliente_128,"4015,4887079663367"
CD_14,Cliente_129,"4007,2045742031128"
CD_14,Cliente_130,"4015,4887079663367"
CD_14,Cliente_131,"4015,4887079663367"
CD_14,Cliente_132,"4015,4887079663367"
CD_14,Cliente_133,"4007,2045742031128"
CD_14,Cliente_134,"4007,2045742031128"
CD_14,Cliente_135,"4007,2045742031128"
CD_14,Cliente_136,"3574,660428431118"
CD_14,Cliente_137,"3574,660428431118"
CD_14,Cliente_138,"3574,660428431118"
CD_14,Cliente_139,"3574,660428431118"
CD_14,Cliente_140,"3449,761512532394"
CD_14,Cliente_141,"3449,761512532394"
CD_14,Cliente_142,"3449,761512532394"
CD_14,Cliente_143,"2040,384146320183"
CD_14,Cliente_144,"2040,384146320183"
CD_14,Cliente_145,"2040,384146320183"
CD_14,Cliente_146,"2040,384146320183"
CD_14,Cliente_147,"2908,7597878510132"
CD_14,Cliente_148,"2797,089848388827"
CD_14,Cliente_149,"2908,7597878510132"
CD_14,Cliente_150,"2908,7597878510132"
CD_14,Cliente_151,"2908,7597878510132"
CD_14,Cliente_152,"2908,7597878510132"
CD_14,Cliente_153,"2797,089848388827"
CD_14,Cliente_154,"2797,089848388827"
CD_14,Cliente_155,"2797,089848388827"
CD_14,Cliente_156,"1205,4159260929466"
CD_14,Cliente_157,"1205,4159260929466"
CD_14,Cliente_158,"1205,4159260929466"
CD_14,Cliente_159,"1205,4159260929466"
CD_14,Cliente_160,"866,9444079924206"
CD_14,Cliente_161,"866,9444079924206"
CD_14,Cliente_162,"866,9444079924206"
CD_12,Cliente_1,"5380,230740578477"
CD_12,Cliente_2,"5380,230740578477"
CD_12,Cliente_3,"5380,230740578477"
CD_12,Cliente_4,"395,4496809428964"
CD_12,Cliente_5,"395,4496809428964"
CD_12,Cliente_6,"395,4496809428964"
CD_12,Cliente_7,"395,4496809428964"
CD_12,Cliente_8,"491,03714487963475"
CD_12,Cliente_9,"491,03714487963475"
CD_12,Cliente_10,"5764,6541355275285"
CD_12,Cliente_11,"5764,6541355275285"
CD_12,Cliente_12,"5764,6541355275285"
CD_12,Cliente_13,"5764,6541355275285"
CD_12,Cliente_14,"5764,6541355275285"
CD_12,Cliente_15,"2794,7098850196526"
CD_12,Cliente_16,"2794,7098850196526"
CD_12,Cliente_17,"947,8741999055167"
CD_12,Cliente_18,"1181,0862164976727"
CD_12,Cliente_19,"947,8741999055167"
CD_12,Cliente_20,"947,8741999055167"
CD_12,Cliente_21,"947,8741999055167"
CD_12,Cliente_22,"1181,0862164976727"
CD_12,Cliente_23,"1181,0862164976727"
CD_12,Cliente_24,"691,7292702440768"
CD_12,Cliente_25,"691,7292702440768"
CD_12,Cliente_26,"691,7292702440768"
CD_12,Cliente_27,"691,7292702440768"
CD_12,Cliente_28,"700,3205302935479"
CD_12,Cliente_29,"700,3205302935479"
CD_12,Cliente_30,"700,3205302935479"
CD_12,Cliente_31,"2256,9999999999995"
CD_12,Cliente_32,"2256,9999999999995"
CD_12,Cliente_33,"2256,9999999999995"
CD_12,Cliente_34,"2256,9999999999995"
CD_12,Cliente_35,"2256,9999999999995"
CD_12,Cliente_36,"1986,3967631283488"
CD_12,Cliente_37,"1970,0841402993399"
CD_12,Cliente_38,"1986,3967631283488"
CD_12,Cliente_39,"1986,3967631283488"
CD_12,Cliente_40,"1986,3967631283488"
CD_12,Cliente_41,"1970,0841402993399"
CD_12,Cliente_42,"1970,0841402993399"
CD_12,Cliente_43,"1970,0841402993399"
CD_12,Cliente_44,"2458,0123384960443"
CD_12,Cliente_45,"2458,0123384960443"
CD_12,Cliente_46,"2458,0123384960443"
CD_12,Cliente_47,"2458,0123384960443"
CD_12,Cliente_48,"2583,8828938066854"
CD_12,Cliente_49,"2583,8828938066854"
CD_12,Cliente_50,"2583,8828938066854"
CD_12,Cliente_51,"1584,4916089069377"
CD_12,Cliente_52,"1584,4916089069377"
CD_12,Cliente_53,"1584,4916089069377"
CD_12,Cliente_54,"1584,4916089069377"
CD_12,Cliente_55,"1814,7693240876556"
CD_12,Cliente_56,"1814,7693240876556"
CD_12,Cliente_57,"2185,5650264971046"
CD_12,Cliente_58,"2224,1647891135062"
CD_12,Cliente_59,"2185,5650264971046"
CD_12,Cliente_60,"2185,5650264971046"
CD_12,Cliente_61,"2185,5650264971046"
CD_12,Cliente_62,"2224,1647891135062"
CD_12,Cliente_63,"2224,1647891135062"
CD_12,Cliente_64,"2224,1647891135062"
CD_12,Cliente_65,"3700,694352947594"
CD_12,Cliente_66,"3700,694352947594"
CD_12,Cliente_67,"3700,694352947594"
CD_12,Cliente_68,"3700,694352947594"
CD_12,Cliente_69,"3728,8768313082032"
CD_12,Cliente_70,"3728,8768313082032"
CD_12,Cliente_71,"3728,8768313082032"
CD_12,Cliente_72,"3393,822165071211"
CD_12,Cliente_73,"3393,822165071211"
CD_12,Cliente_74,"3393,822165071211"
CD_12,Cliente_75,"3393,822165071211"
CD_12,Cliente_76,"3440,6795416253813"
CD_12,Cliente_77,"3440,6795416253813"
CD_12,Cliente_78,"3440,6795416253813"
CD_12,Cliente_79,"2258,1524197787226"
CD_12,Cliente_80,"2258,1524197787226"
CD_12,Cliente_81,"2258,1524197787226"
CD_12,Cliente_82,"2258,1524197787226"
CD_12,Cliente_83,"2677,2618897363363"
CD_12,Cliente_84,"2677,2618897363363"
CD_12,Cliente_85,"20,09517500137288"
CD_12,Cliente_86,"20,09517500137288"
CD_12,Cliente_87,"20,09517500137288"
CD_12,Cliente_88,"20,09517500137288"
CD_12,Cliente_89,"178,43864730079093"
CD_12,Cliente_90,"178,43864730079093"
CD_12,Cliente_91,"178,43864730079093"
CD_12,Cliente_92,"136,88648744532753"
CD_12,Cliente_93,"550,4237461163988"
CD_12,Cliente_94,"136,88648744532753"
CD_12,Cliente_95,"136,88648744532753"
CD_12,Cliente_96,"136,88648744532753"
CD_12,Cliente_97,"550,4237461163988"
CD_12,Cliente_98,"550,4237461163988"
CD_12,Cliente_99,"550,4237461163988"
CD_12,Cliente_100,"1215,6015047861097"
CD_12,Cliente_101,"1215,6015047861097"
CD_12,Cliente_102,"1215,6015047861097"
CD_12,Cliente_103,"1140,6602720171097"
CD_12,Cliente_104,"3148,9198620691454"
CD_12,Cliente_105,"3148,9198620691454"
CD_12,Cliente_106,"3148,9198620691454"
CD_12,Cliente_107,"3148,9198620691454"
CD_12,Cliente_108,"3579,858886189185"
CD_12,Cliente_109,"3579,858886189185"
CD_12,Cliente_110,"3579,858886189185"
CD_12,Cliente_111,"2464,6261385597704"
CD_12,Cliente_112,"2464,6261385597704"
CD_12,Cliente_113,"2464,6261385597704"
CD_12,Cliente_114,"2464,6261385597704"
CD_12,Cliente_115,"2347,2450287454344"
CD_12,Cliente_116,"2347,2450287454344"
CD_12,Cliente_117,"2347,2450287454344"
CD_12,Cliente_118,"203,84139528662917"
CD_12,Cliente_119,"203,84139528662917"
CD_12,Cliente_120,"203,84139528662917"
CD_12,Cliente_121,"422,6787562293318"
CD_12,Cliente_122,"4873,858812791319"
CD_12,Cliente_123,"4873,858812791319"
CD_12,Cliente_124,"4396,759381703257"
CD_12,Cliente_125,"4396,759381703257"
CD_12,Cliente_126,"6543,010447988501"
CD_12,Cliente_127,"6543,010447988501"
CD_12,Cliente_128,"3874,0579304962093"
CD_12,Cliente_129,"3882,0579239976373"
CD_12,Cliente_130,"3874,0579304962093"
CD_12,Cliente_131,"3874,0579304962093"
CD_12,Cliente_132,"3874,0579304962093"
CD_12,Cliente_133,"3882,0579239976373"
CD_12,Cliente_134,"3882,0579239976373"
CD_12,Cliente_135,"3882,0579239976373"
CD_12,Cliente_136,"3433,5735144756827"
CD_12,Cliente_137,"3433,5735144756827"
CD_12,Cliente_138,"3433,5735144756827"
CD_12,Cliente_139,"3433,5735144756827"
CD_12,Cliente_140,"3469,8443279029298"
CD_12,Cliente_141,"3469,8443279029298"
CD_12,Cliente_142,"3469,8443279029298"
CD_12,Cliente_143,"652,4577486752445"
CD_12,Cliente_144,"652,4577486752445"
CD_12,Cliente_145,"652,4577486752445"
CD_12,Cliente_146,"652,4577486752445"
CD_12,Cliente_147,"2770,537434169295"
CD_12,Cliente_148,"2788,0435721298627"
CD_12,Cliente_149,"2770,537434169295"
CD_12,Cliente_150,"2770,537434169295"
CD_12,Cliente_151,"2770,537434169295"
CD_12,Cliente_152,"2770,537434169295"
CD_12,Cliente_153,"2788,0435721298627"
CD_12,Cliente_154,"2788,0435721298627"
CD_12,Cliente_155,"2788,0435721298627"
CD_12,Cliente_156,"2257,5690166093627"
CD_12,Cliente_157,"2257,5690166093627"
CD_12,Cliente_158,"2257,5690166093627"
CD_12,Cliente_159,"2257,5690166093627"
CD_12,Cliente_160,"1827,4510452845734"
CD_12,Cliente_161,"1827,4510452845734"
CD_12,Cliente_162,"1827,4510452845734"
CD_8,Cliente_1,"5218,24579059323"
CD_8,Cliente_2,"5218,24579059323"
CD_8,Cliente_3,"5218,245790593229"
CD_8,Cliente_4,"261,040487363831"
CD_8,Cliente_5,"261,040487363831"
CD_8,Cliente_6,"261,040487363831"
CD_8,Cliente_7,"261,040487363831"
CD_8,Cliente_8,"359,76719388328405"
CD_8,Cliente_9,"359,76719388328405"
CD_8,Cliente_10,"3741,9608447494165"
CD_8,Cliente_11,"3741,9608447494165"
CD_8,Cliente_12,"3741,9608447494165"
CD_8,Cliente_13,"3741,9608447494165"
CD_8,Cliente_14,"4166,892136599422"
CD_8,Cliente_15,"2931,680873521618"
CD_8,Cliente_16,"2931,680873521618"
CD_8,Cliente_17,"860,2930925064298"
CD_8,Cliente_18,"1055,4663752480667"
CD_8,Cliente_19,"860,2930925064298"
CD_8,Cliente_20,"860,2930925064298"
CD_8,Cliente_21,"860,2930925064298"
CD_8,Cliente_22,"1055,4663752480667"
CD_8,Cliente_23,"1055,4663752480667"
CD_8,Cliente_24,"806,2049721270681"
CD_8,Cliente_25,"806,2049721270681"
CD_8,Cliente_26,"806,2049721270681"
CD_8,Cliente_27,"806,2049721270681"
CD_8,Cliente_28,"727,136680424224"
CD_8,Cliente_29,"727,136680424224"
CD_8,Cliente_30,"727,136680424224"
CD_8,Cliente_31,2193
CD_8,Cliente_32,2193
CD_8,Cliente_33,2193
CD_8,Cliente_34,2193
CD_8,Cliente_35,2193
CD_8,Cliente_36,"2207,7725479570236"
CD_8,Cliente_37,"1904,4310412426341"
CD_8,Cliente_38,"2207,7725479570236"
CD_8,Cliente_39,"2207,7725479570236"
CD_8,Cliente_40,"2207,7725479570236"
CD_8,Cliente_41,"1904,4310412426341"
CD_8,Cliente_42,"1904,4310412426341"
CD_8,Cliente_43,"1904,4310412426341"
CD_8,Cliente_44,"2392,571069620601"
CD_8,Cliente_45,"2392,571069620601"
CD_8,Cliente_46,"2392,571069620601"
CD_8,Cliente_47,"2392,571069620601"
CD_8,Cliente_48,"2594,8335830844835"
CD_8,Cliente_49,"2594,8335830844835"
CD_8,Cliente_50,"2594,8335830844835"
CD_8,Cliente_51,"1562,4408779706278"
CD_8,Cliente_52,"1562,4408779706278"
CD_8,Cliente_53,"1562,4408779706278"
CD_8,Cliente_54,"1562,4408779706278"
CD_8,Cliente_55,"1623,8435650812355"
CD_8,Cliente_56,"1623,8435650812355"
CD_8,Cliente_57,"2125,0325175807666"
CD_8,Cliente_58,"1887,4466386871234"
CD_8,Cliente_59,"2125,0325175807666"
CD_8,Cliente_60,"2125,0325175807666"
CD_8,Cliente_61,"2125,0325175807666"
CD_8,Cliente_62,"1887,4466386871234"
CD_8,Cliente_63,"1887,4466386871234"
CD_8,Cliente_64,"1887,4466386871234"
CD_8,Cliente_65,"3212,8372090716684"
CD_8,Cliente_66,"3212,8372090716684"
CD_8,Cliente_67,"3212,8372090716684"
CD_8,Cliente_68,"3212,8372090716684"
CD_8,Cliente_69,"3293,6302247212984"
CD_8,Cliente_70,"3293,6302247212984"
CD_8,Cliente_71,"3293,6302247212984"
CD_8,Cliente_72,"3133,33306615803"
CD_8,Cliente_73,"3133,33306615803"
CD_8,Cliente_74,"3133,33306615803"
CD_8,Cliente_75,"3133,33306615803"
CD_8,Cliente_76,"3641,9003908289787"
CD_8,Cliente_77,"3641,9003908289787"
CD_8,Cliente_78,"3641,9003908289787"
CD_8,Cliente_79,"2518,9960776856046"
CD_8,Cliente_80,"2518,9960776856046"
CD_8,Cliente_81,"2518,9960776856046"
CD_8,Cliente_82,"2518,9960776856046"
CD_8,Cliente_83,"2532,7885027010193"
CD_8,Cliente_84,"2532,7885027010193"
CD_8,Cliente_85,"118,53737585929933"
CD_8,Cliente_86,"118,53737585929933"
CD_8,Cliente_87,"118,53737585929933"
CD_8,Cliente_88,"118,53737585929933"
CD_8,Cliente_89,"204,694162413276"
CD_8,Cliente_90,"204,694162413276"
CD_8,Cliente_91,"204,694162413276"
CD_8,Cliente_92,"20,075374112503066"
CD_8,Cliente_93,"271,71203560555983"
CD_8,Cliente_94,"20,075374112503066"
CD_8,Cliente_95,"20,075374112503066"
CD_8,Cliente_96,"20,075374112503066"
CD_8,Cliente_97,"271,71203560555983"
CD_8,Cliente_98,"271,71203560555983"
CD_8,Cliente_99,"271,71203560555983"
CD_8,Cliente_100,"1132,1868783206896"
CD_8,Cliente_101,"1132,1868783206896"
CD_8,Cliente_102,"1132,1868783206896"
CD_8,Cliente_103,"1268,3694530436774"
CD_8,Cliente_104,"2828,9027543105108"
CD_8,Cliente_105,"2828,9027543105108"
CD_8,Cliente_106,"2828,9027543105108"
CD_8,Cliente_107,"2828,9027543105108"
CD_8,Cliente_108,"2861,0678147495573"
CD_8,Cliente_109,"2861,0678147495573"
CD_8,Cliente_110,"2861,0678147495573"
CD_8,Cliente_111,"2330,991220761465"
CD_8,Cliente_112,"2330,991220761465"
CD_8,Cliente_113,"2330,991220761465"
CD_8,Cliente_114,"2330,991220761465"
CD_8,Cliente_115,"2120,752449048741"
CD_8,Cliente_116,"2120,752449048741"
CD_8,Cliente_117,"2120,752449048741"
CD_8,Cliente_118,"287,82115519017464"
CD_8,Cliente_119,"287,82115519017464"
CD_8,Cliente_120,"287,82115519017464"
CD_8,Cliente_121,"538,0095720632188"
CD_8,Cliente_122,"3147,5887780139838"
CD_8,Cliente_123,"3147,5887780139838"
CD_8,Cliente_124,"4256,482931932334"
CD_8,Cliente_125,"4256,482931932334"
CD_8,Cliente_126,"6381,010447988504"
CD_8,Cliente_127,"6381,010447988504"
CD_8,Cliente_128,"3823,7424667906316"
CD_8,Cliente_129,"3942,77030348548"
CD_8,Cliente_130,"3823,7424667906316"
CD_8,Cliente_131,"3823,7424667906316"
CD_8,Cliente_132,"3823,7424667906316"
CD_8,Cliente_133,"3942,77030348548"
CD_8,Cliente_134,"3942,77030348548"
CD_8,Cliente_135,"3942,77030348548"
CD_8,Cliente_136,"3351,460192660114"
CD_8,Cliente_137,"3351,460192660114"
CD_8,Cliente_138,"3351,460192660114"
CD_8,Cliente_139,"3351,460192660114"
CD_8,Cliente_140,"3527,4733557550826"
CD_8,Cliente_141,"3527,4733557550826"
CD_8,Cliente_142,"3527,4733557550826"
CD_8,Cliente_143,"500,01340840730415"
CD_8,Cliente_144,"500,01340840730415"
CD_8,Cliente_145,"500,01340840730415"
CD_8,Cliente_146,"500,01340840730415"
CD_8,Cliente_147,"2563,4747269138215"
CD_8,Cliente_148,"2555,1232515391152"
CD_8,Cliente_149,"2563,4747269138215"
CD_8,Cliente_150,"2563,4747269138215"
CD_8,Cliente_151,"2563,4747269138215"
CD_8,Cliente_152,"2563,4747269138215"
CD_8,Cliente_153,"2555,1232515391152"
CD_8,Cliente_154,"2555,1232515391152"
CD_8,Cliente_155,"2555,1232515391152"
CD_8,Cliente_156,"2146,627765702687"
CD_8,Cliente_157,"2146,627765702687"
CD_8,Cliente_158,"2146,627765702687"
CD_8,Cliente_159,"2146,627765702687"
CD_8,Cliente_160,"1885,343903983879"
CD_8,Cliente_161,"1885,343903983879"
CD_8,Cliente_162,"1885,343903983879"
CD_6,Cliente_1,3729
CD_6,Cliente_2,3729
CD_6,Cliente_3,3729
CD_6,Cliente_4,2835
CD_6,Cliente_5,2835
CD_6,Cliente_6,2835
CD_6,Cliente_7,2835
CD_6,Cliente_8,2732
CD_6,Cliente_9,2732
CD_6,Cliente_10,4125
CD_6,Cliente_11,4125
CD_6,Cliente_12,4125
CD_6,Cliente_13,4125
CD_6,Cliente_14,3776
CD_6,Cliente_15,3671
CD_6,Cliente_16,3671
CD_6,Cliente_17,"2380,9999999999995"
CD_6,Cliente_18,"2018,5920447891683"
CD_6,Cliente_19,"2380,9999999999995"
CD_6,Cliente_20,"2380,9999999999995"
CD_6,Cliente_21,"2380,9999999999995"
CD_6,Cliente_22,"2018,5920447891683"
CD_6,Cliente_23,"2018,5920447891683"
CD_6,Cliente_24,"3385,999999999999"
CD_6,Cliente_25,"3385,999999999999"
CD_6,Cliente_26,"3385,999999999999"
CD_6,Cliente_27,"3385,999999999999"
CD_6,Cliente_28,"2880,9999999999995"
CD_6,Cliente_29,"2880,9999999999995"
CD_6,Cliente_30,"2880,9999999999995"
CD_6,Cliente_31,"1385,0000000000005"
CD_6,Cliente_32,"1385,0000000000005"
CD_6,Cliente_33,"1385,0000000000005"
CD_6,Cliente_34,"1385,0000000000005"
CD_6,Cliente_35,"1385,0000000000005"
CD_6,Cliente_36,"1519,0000000000005"
CD_6,Cliente_37,"1557,9999999999998"
CD_6,Cliente_38,"1519,0000000000005"
CD_6,Cliente_39,"1519,0000000000005"
CD_6,Cliente_40,"1519,0000000000005"
CD_6,Cliente_41,"1557,9999999999998"
CD_6,Cliente_42,"1557,9999999999998"
CD_6,Cliente_43,"1557,9999999999998"
CD_6,Cliente_44,"1209,9999999999998"
CD_6,Cliente_45,"1209,9999999999998"
CD_6,Cliente_46,"1209,9999999999998"
CD_6,Cliente_47,"1209,9999999999998"
CD_6,Cliente_48,"1344,25"
CD_6,Cliente_49,"1344,25"
CD_6,Cliente_50,"1344,25"
CD_6,Cliente_51,"3230,0000000000005"
CD_6,Cliente_52,"3230,0000000000005"
CD_6,Cliente_53,"3230,0000000000005"
CD_6,Cliente_54,"3230,0000000000005"
CD_6,Cliente_55,"2739,5"
CD_6,Cliente_56,"2739,5"
CD_6,Cliente_57,1024
CD_6,Cliente_58,"1137,2702687608908"
CD_6,Cliente_59,1024
CD_6,Cliente_60,1024
CD_6,Cliente_61,1024
CD_6,Cliente_62,"1137,2702687608908"
CD_6,Cliente_63,"1137,2702687608908"
CD_6,Cliente_64,"1137,2702687608908"
CD_6,Cliente_65,1010
CD_6,Cliente_66,1010
CD_6,Cliente_67,1010
CD_6,Cliente_68,1010
CD_6,Cliente_69,"861,9999999999999"
CD_6,Cliente_70,"861,9999999999999"
CD_6,Cliente_71,"861,9999999999999"
CD_6,Cliente_72,"1756,0000000000002"
CD_6,Cliente_73,"1756,0000000000002"
CD_6,Cliente_74,"1756,0000000000002"
CD_6,Cliente_75,"1756,0000000000002"
CD_6,Cliente_76,1544
CD_6,Cliente_77,1544
CD_6,Cliente_78,1544
CD_6,Cliente_79,"3195,0000000000005"
CD_6,Cliente_80,"3195,0000000000005"
CD_6,Cliente_81,"3195,0000000000005"
CD_6,Cliente_82,"3195,0000000000005"
CD_6,Cliente_83,"3528,153394992597"
CD_6,Cliente_84,"3528,153394992597"
CD_6,Cliente_85,3182
CD_6,Cliente_86,3182
CD_6,Cliente_87,3182
CD_6,Cliente_88,3182
CD_6,Cliente_89,3160
CD_6,Cliente_90,3160
CD_6,Cliente_91,3160
CD_6,Cliente_92,"3064,0000000000005"
CD_6,Cliente_93,"2995,0367151295773"
CD_6,Cliente_94,"3064,0000000000005"
CD_6,Cliente_95,"3064,0000000000005"
CD_6,Cliente_96,"3064,0000000000005"
CD_6,Cliente_97,"2995,0367151295773"
CD_6,Cliente_98,"2995,0367151295773"
CD_6,Cliente_99,"2995,0367151295773"
CD_6,Cliente_100,3108
CD_6,Cliente_101,3108
CD_6,Cliente_102,3108
CD_6,Cliente_103,"3103,3333333333335"
CD_6,Cliente_104,"20,000000000000007"
CD_6,Cliente_105,"20,000000000000007"
CD_6,Cliente_106,"20,000000000000007"
CD_6,Cliente_107,"20,000000000000007"
CD_6,Cliente_108,"464,82561374192653"
CD_6,Cliente_109,"464,82561374192653"
CD_6,Cliente_110,"464,82561374192653"
CD_6,Cliente_111,"886,9999999999999"
CD_6,Cliente_112,"886,9999999999999"
CD_6,Cliente_113,"886,9999999999999"
CD_6,Cliente_114,"886,9999999999999"
CD_6,Cliente_115,"1070,881054689823"
CD_6,Cliente_116,"1070,881054689823"
CD_6,Cliente_117,"1070,881054689823"
CD_6,Cliente_118,3352
CD_6,Cliente_119,3352
CD_6,Cliente_120,3352
CD_6,Cliente_121,3255
CD_6,Cliente_122,"3221,9999999999995"
CD_6,Cliente_123,"3221,9999999999995"
CD_6,Cliente_124,2743
CD_6,Cliente_125,2743
CD_6,Cliente_126,4905
CD_6,Cliente_127,4905
CD_6,Cliente_128,"697,9999999999997"
CD_6,Cliente_129,"639,8829859952981"
CD_6,Cliente_130,"697,9999999999997"
CD_6,Cliente_131,"697,9999999999997"
CD_6,Cliente_132,"697,9999999999997"
CD_6,Cliente_133,"639,8829859952981"
CD_6,Cliente_134,"639,8829859952981"
CD_6,Cliente_135,"639,8829859952981"
CD_6,Cliente_136,"302,9999999999999"
CD_6,Cliente_137,"302,9999999999999"
CD_6,Cliente_138,"302,9999999999999"
CD_6,Cliente_139,"302,9999999999999"
CD_6,Cliente_140,"279,6921315264403"
CD_6,Cliente_141,"279,6921315264403"
CD_6,Cliente_142,"279,6921315264403"
CD_6,Cliente_143,2570
CD_6,Cliente_144,2570
CD_6,Cliente_145,2570
CD_6,Cliente_146,2570
CD_6,Cliente_147,"403,0000000000002"
CD_6,Cliente_148,"534,2553117220751"
CD_6,Cliente_149,"403,0000000000002"
CD_6,Cliente_150,"403,0000000000002"
CD_6,Cliente_151,"403,0000000000002"
CD_6,Cliente_152,"403,0000000000002"
CD_6,Cliente_153,"534,2553117220751"
CD_6,Cliente_154,"534,2553117220751"
CD_6,Cliente_155,"534,2553117220751"
CD_6,Cliente_156,2039
CD_6,Cliente_157,2039
CD_6,Cliente_158,2039
CD_6,Cliente_159,2039
CD_6,Cliente_160,2355
CD_6,Cliente_161,2355
CD_6,Cliente_162,2355
CD_9,Cliente_1,"4447,496291757133"
CD_9,Cliente_2,"4447,496291757133"
CD_9,Cliente_3,"4447,496291757133"
CD_9,Cliente_4,"3507,9813298508116"
CD_9,Cliente_5,"3507,9813298508116"
CD_9,Cliente_6,"3507,9813298508116"
CD_9,Cliente_7,"3507,9813298508116"
CD_9,Cliente_8,"3463,871793066177"
CD_9,Cliente_9,"3463,871793066177"
CD_9,Cliente_10,"4832,951304151334"
CD_9,Cliente_11,"4832,951304151334"
CD_9,Cliente_12,"4832,951304151334"
CD_9,Cliente_13,"4832,951304151334"
CD_9,Cliente_14,"4577,84745322291"
CD_9,Cliente_15,"4570,724390768669"
CD_9,Cliente_16,"4570,724390768669"
CD_9,Cliente_17,"3056,5123562057856"
CD_9,Cliente_18,"2881,1054265386297"
CD_9,Cliente_19,"3056,5123562057856"
CD_9,Cliente_20,"3056,5123562057856"
CD_9,Cliente_21,"3056,5123562057856"
CD_9,Cliente_22,"2881,1054265386297"
CD_9,Cliente_23,"2881,1054265386297"
CD_9,Cliente_24,"4033,803067638528"
CD_9,Cliente_25,"4033,803067638528"
CD_9,Cliente_26,"4033,803067638528"
CD_9,Cliente_27,"4033,803067638528"
CD_9,Cliente_28,"3869,7373005042814"
CD_9,Cliente_29,"3869,7373005042814"
CD_9,Cliente_30,"3869,7373005042814"
CD_9,Cliente_31,2116
CD_9,Cliente_32,2116
CD_9,Cliente_33,2116
CD_9,Cliente_34,2116
CD_9,Cliente_35,2116
CD_9,Cliente_36,"2090,9011692182276"
CD_9,Cliente_37,"2171,2270888646176"
CD_9,Cliente_38,"2090,9011692182276"
CD_9,Cliente_39,"2090,9011692182276"
CD_9,Cliente_40,"2090,9011692182276"
CD_9,Cliente_41,"2171,2270888646176"
CD_9,Cliente_42,"2171,2270888646176"
CD_9,Cliente_43,"2171,2270888646176"
CD_9,Cliente_44,"2054,9230639355123"
CD_9,Cliente_45,"2054,9230639355123"
CD_9,Cliente_46,"2054,9230639355123"
CD_9,Cliente_47,"2054,9230639355123"
CD_9,Cliente_48,"2192,8096166133364"
CD_9,Cliente_49,"2192,8096166133364"
CD_9,Cliente_50,"2192,8096166133364"
CD_9,Cliente_51,"4070,467206747761"
CD_9,Cliente_52,"4070,467206747761"
CD_9,Cliente_53,"4070,467206747761"
CD_9,Cliente_54,"4070,467206747761"
CD_9,Cliente_55,"3571,8570270141417"
CD_9,Cliente_56,"3571,8570270141417"
CD_9,Cliente_57,"1715,3998943983536"
CD_9,Cliente_58,"1706,878316853274"
CD_9,Cliente_59,"1715,3998943983536"
CD_9,Cliente_60,"1715,3998943983536"
CD_9,Cliente_61,"1715,3998943983536"
CD_9,Cliente_62,"1706,878316853274"
CD_9,Cliente_63,"1706,878316853274"
CD_9,Cliente_64,"1706,878316853274"
CD_9,Cliente_65,"1760,2375318346667"
CD_9,Cliente_66,"1760,2375318346667"
CD_9,Cliente_67,"1760,2375318346667"
CD_9,Cliente_68,"1760,2375318346667"
CD_9,Cliente_69,"1633,2759147110708"
CD_9,Cliente_70,"1633,2759147110708"
CD_9,Cliente_71,"1633,2759147110708"
CD_9,Cliente_72,"2461,8459434250244"
CD_9,Cliente_73,"2461,8459434250244"
CD_9,Cliente_74,"2461,8459434250244"
CD_9,Cliente_75,"2461,8459434250244"
CD_9,Cliente_76,"2658,8214141604126"
CD_9,Cliente_77,"2658,8214141604126"
CD_9,Cliente_78,"2658,8214141604126"
CD_9,Cliente_79,"4034,8882729154766"
CD_9,Cliente_80,"4034,8882729154766"
CD_9,Cliente_81,"4034,8882729154766"
CD_9,Cliente_82,"4034,8882729154766"
CD_9,Cliente_83,"4232,64473355079"
CD_9,Cliente_84,"4232,64473355079"
CD_9,Cliente_85,"3855,5601599003253"
CD_9,Cliente_86,"3855,5601599003253"
CD_9,Cliente_87,"3855,5601599003253"
CD_9,Cliente_88,"3855,5601599003253"
CD_9,Cliente_89,"3833,4460434697917"
CD_9,Cliente_90,"3833,4460434697917"
CD_9,Cliente_91,"3833,4460434697917"
CD_9,Cliente_92,"3828,324626328257"
CD_9,Cliente_93,"3579,1183471436443"
CD_9,Cliente_94,"3828,324626328257"
CD_9,Cliente_95,"3828,324626328257"
CD_9,Cliente_96,"3828,324626328257"
CD_9,Cliente_97,"3579,1183471436443"
CD_9,Cliente_98,"3579,1183471436443"
CD_9,Cliente_99,"3579,1183471436443"
CD_9,Cliente_100,"3763,2630897242316"
CD_9,Cliente_101,"3763,2630897242316"
CD_9,Cliente_102,"3763,2630897242316"
CD_9,Cliente_103,"3890,698453379738"
CD_9,Cliente_104,"742,9591928920617"
CD_9,Cliente_105,"742,9591928920617"
CD_9,Cliente_106,"742,9591928920617"
CD_9,Cliente_107,"742,9591928920617"
CD_9,Cliente_108,"1060,4163808964406"
CD_9,Cliente_109,"1060,4163808964406"
CD_9,Cliente_110,"1060,4163808964406"
CD_9,Cliente_111,"1573,6578961337736"
CD_9,Cliente_112,"1573,6578961337736"
CD_9,Cliente_113,"1573,6578961337736"
CD_9,Cliente_114,"1573,6578961337736"
CD_9,Cliente_115,"1693,0910239293848"
CD_9,Cliente_116,"1693,0910239293848"
CD_9,Cliente_117,"1693,0910239293848"
CD_9,Cliente_118,4064
CD_9,Cliente_119,4064
CD_9,Cliente_120,4064
CD_9,Cliente_121,"3909,0737905726987"
CD_9,Cliente_122,"3941,420592793875"
CD_9,Cliente_123,"3941,420592793875"
CD_9,Cliente_124,"3464,7596630307526"
CD_9,Cliente_125,"3464,7596630307526"
CD_9,Cliente_126,"5611,010447988504"
CD_9,Cliente_127,"5611,010447988504"
CD_9,Cliente_128,"22,911857629520153"
CD_9,Cliente_129,"254,95451861678055"
CD_9,Cliente_130,"22,911857629520153"
CD_9,Cliente_131,"22,911857629520153"
CD_9,Cliente_132,"22,911857629520153"
CD_9,Cliente_133,"254,95451861678055"
CD_9,Cliente_134,"254,95451861678055"
CD_9,Cliente_135,"254,95451861678055"
CD_9,Cliente_136,"458,1808622307604"
CD_9,Cliente_137,"458,1808622307604"
CD_9,Cliente_138,"458,1808622307604"
CD_9,Cliente_139,"458,1808622307604"
CD_9,Cliente_140,"523,3863107061578"
CD_9,Cliente_141,"523,3863107061578"
CD_9,Cliente_142,"523,3863107061578"
CD_9,Cliente_143,"3275,3415324679318"
CD_9,Cliente_144,"3275,3415324679318"
CD_9,Cliente_145,"3275,3415324679318"
CD_9,Cliente_146,"3275,3415324679318"
CD_9,Cliente_147,"1132,2831133034476"
CD_9,Cliente_148,"1247,224462678961"
CD_9,Cliente_149,"1132,2831133034476"
CD_9,Cliente_150,"1132,2831133034476"
CD_9,Cliente_151,"1132,2831133034476"
CD_9,Cliente_152,"1132,2831133034476"
CD_9,Cliente_153,"1247,224462678961"
CD_9,Cliente_154,"1247,224462678961"
CD_9,Cliente_155,"1247,224462678961"
CD_9,Cliente_156,"2879,701648432705"
CD_9,Cliente_157,"2879,701648432705"
CD_9,Cliente_158,"2879,701648432705"
CD_9,Cliente_159,"2879,701648432705"
CD_9,Cliente_160,"3155,521279485732"
CD_9,Cliente_161,"3155,521279485732"
CD_9,Cliente_162,"3155,521279485732"
CD_10,Cliente_1,"3979,231413427381"
CD_10,Cliente_2,"3979,231413427381"
CD_10,Cliente_3,"3979,231413427381"
CD_10,Cliente_4,"3069,2963335678105"
CD_10,Cliente_5,"3069,2963335678105"
CD_10,Cliente_6,"3069,2963335678105"
CD_10,Cliente_7,"3069,2963335678105"
CD_10,Cliente_8,"3020,872259064906"
CD_10,Cliente_9,"3020,872259064906"
CD_10,Cliente_10,"4367,993526501285"
CD_10,Cliente_11,"4367,993526501285"
CD_10,Cliente_12,"4367,993526501285"
CD_10,Cliente_13,"4367,993526501285"
CD_10,Cliente_14,"4110,992516856911"
CD_10,Cliente_15,"4129,724390768669"
CD_10,Cliente_16,"4129,724390768669"
CD_10,Cliente_17,"2616,5173564234"
CD_10,Cliente_18,"2149,5691550384768"
CD_10,Cliente_19,"2616,5173564234"
CD_10,Cliente_20,"2616,5173564234"
CD_10,Cliente_21,"2616,5173564234"
CD_10,Cliente_22,"2149,5691550384768"
CD_10,Cliente_23,"2149,5691550384768"
CD_10,Cliente_24,"3593,813554851094"
CD_10,Cliente_25,"3593,813554851094"
CD_10,Cliente_26,"3593,813554851094"
CD_10,Cliente_27,"3593,813554851094"
CD_10,Cliente_28,"3430,835542366151"
CD_10,Cliente_29,"3430,835542366151"
CD_10,Cliente_30,"3430,835542366151"
CD_10,Cliente_31,"1675,9999999999998"
CD_10,Cliente_32,"1675,9999999999998"
CD_10,Cliente_33,"1675,9999999999998"
CD_10,Cliente_34,"1675,9999999999998"
CD_10,Cliente_35,"1675,9999999999998"
CD_10,Cliente_36,"1650,90202959082"
CD_10,Cliente_37,"1799,0049251540872"
CD_10,Cliente_38,"1650,90202959082"
CD_10,Cliente_39,"1650,90202959082"
CD_10,Cliente_40,"1650,90202959082"
CD_10,Cliente_41,"1799,0049251540872"
CD_10,Cliente_42,"1799,0049251540872"
CD_10,Cliente_43,"1799,0049251540872"
CD_10,Cliente_44,"1614,9748489306064"
CD_10,Cliente_45,"1614,9748489306064"
CD_10,Cliente_46,"1614,9748489306064"
CD_10,Cliente_47,"1614,9748489306064"
CD_10,Cliente_48,"1751,4583554518945"
CD_10,Cliente_49,"1751,4583554518945"
CD_10,Cliente_50,"1751,4583554518945"
CD_10,Cliente_51,"3628,4684982345548"
CD_10,Cliente_52,"3628,4684982345548"
CD_10,Cliente_53,"3628,4684982345548"
CD_10,Cliente_54,"3628,4684982345548"
CD_10,Cliente_55,"3130,3212616849864"
CD_10,Cliente_56,"3130,3212616849864"
CD_10,Cliente_57,"1275,408844262041"
CD_10,Cliente_58,"1293,4564844830809"
CD_10,Cliente_59,"1275,408844262041"
CD_10,Cliente_60,"1275,408844262041"
CD_10,Cliente_61,"1275,408844262041"
CD_10,Cliente_62,"1293,4564844830809"
CD_10,Cliente_63,"1293,4564844830809"
CD_10,Cliente_64,"1293,4564844830809"
CD_10,Cliente_65,"1323,1734463418884"
CD_10,Cliente_66,"1323,1734463418884"
CD_10,Cliente_67,"1323,1734463418884"
CD_10,Cliente_68,"1323,1734463418884"
CD_10,Cliente_69,"1334,5187594395343"
CD_10,Cliente_70,"1334,5187594395343"
CD_10,Cliente_71,"1334,5187594395343"
CD_10,Cliente_72,"2020,8206249252528"
CD_10,Cliente_73,"2020,8206249252528"
CD_10,Cliente_74,"2020,8206249252528"
CD_10,Cliente_75,"2020,8206249252528"
CD_10,Cliente_76,"2217,125513807983"
CD_10,Cliente_77,"2217,125513807983"
CD_10,Cliente_78,"2217,125513807983"
CD_10,Cliente_79,"3592,911040619712"
CD_10,Cliente_80,"3592,911040619712"
CD_10,Cliente_81,"3592,911040619712"
CD_10,Cliente_82,"3592,911040619712"
CD_10,Cliente_83,"3793,3434359432927"
CD_10,Cliente_84,"3793,3434359432927"
CD_10,Cliente_85,"3416,530565964587"
CD_10,Cliente_86,"3416,530565964587"
CD_10,Cliente_87,"3416,530565964587"
CD_10,Cliente_88,"3416,530565964587"
CD_10,Cliente_89,"3264,9746834607035"
CD_10,Cliente_90,"3264,9746834607035"
CD_10,Cliente_91,"3264,9746834607035"
CD_10,Cliente_92,"3388,3305469524366"
CD_10,Cliente_93,"2961,442041667102"
CD_10,Cliente_94,"3388,3305469524366"
CD_10,Cliente_95,"3388,3305469524366"
CD_10,Cliente_96,"3388,3305469524366"
CD_10,Cliente_97,"2961,442041667102"
CD_10,Cliente_98,"2961,442041667102"
CD_10,Cliente_99,"2961,442041667102"
CD_10,Cliente_100,"3322,259878389195"
CD_10,Cliente_101,"3322,259878389195"
CD_10,Cliente_102,"3322,259878389195"
CD_10,Cliente_103,"3448,686811940224"
CD_10,Cliente_104,"303,1667757446125"
CD_10,Cliente_105,"303,1667757446125"
CD_10,Cliente_106,"303,1667757446125"
CD_10,Cliente_107,"303,1667757446125"
CD_10,Cliente_108,"822,8541537669822"
CD_10,Cliente_109,"822,8541537669822"
CD_10,Cliente_110,"822,8541537669822"
CD_10,Cliente_111,"1150,0121269207416"
CD_10,Cliente_112,"1150,0121269207416"
CD_10,Cliente_113,"1150,0121269207416"
CD_10,Cliente_114,"1150,0121269207416"
CD_10,Cliente_115,"1238,1417381551119"
CD_10,Cliente_116,"1238,1417381551119"
CD_10,Cliente_117,"1238,1417381551119"
CD_10,Cliente_118,"3582,840068422668"
CD_10,Cliente_119,"3582,840068422668"
CD_10,Cliente_120,"3582,840068422668"
CD_10,Cliente_121,"3466,122470960758"
CD_10,Cliente_122,"3473,967656837618"
CD_10,Cliente_123,"3473,967656837618"
CD_10,Cliente_124,"3012,0005987995683"
CD_10,Cliente_125,"3012,0005987995683"
CD_10,Cliente_126,"5142,010447988504"
CD_10,Cliente_127,"5142,010447988504"
CD_10,Cliente_128,"458,80314520626473"
CD_10,Cliente_129,"679,6774326281196"
CD_10,Cliente_130,"458,80314520626473"
CD_10,Cliente_131,"458,80314520626473"
CD_10,Cliente_132,"458,80314520626473"
CD_10,Cliente_133,"679,6774326281196"
CD_10,Cliente_134,"679,6774326281196"
CD_10,Cliente_135,"679,6774326281196"
CD_10,Cliente_136,"20,090025954449093"
CD_10,Cliente_137,"20,090025954449093"
CD_10,Cliente_138,"20,090025954449093"
CD_10,Cliente_139,"20,090025954449093"
CD_10,Cliente_140,"186,11923577426583"
CD_10,Cliente_141,"186,11923577426583"
CD_10,Cliente_142,"186,11923577426583"
CD_10,Cliente_143,"2855,3391299040204"
CD_10,Cliente_144,"2855,3391299040204"
CD_10,Cliente_145,"2855,3391299040204"
CD_10,Cliente_146,"2855,3391299040204"
CD_10,Cliente_147,"692,3211636924735"
CD_10,Cliente_148,"1013,846684219732"
CD_10,Cliente_149,"692,3211636924735"
CD_10,Cliente_150,"692,3211636924735"
CD_10,Cliente_151,"692,3211636924735"
CD_10,Cliente_152,"692,3211636924735"
CD_10,Cliente_153,"1013,846684219732"
CD_10,Cliente_154,"1013,846684219732"
CD_10,Cliente_155,"1013,846684219732"
CD_10,Cliente_156,"2437,705104261724"
CD_10,Cliente_157,"2437,705104261724"
CD_10,Cliente_158,"2437,705104261724"
CD_10,Cliente_159,"2437,705104261724"
CD_10,Cliente_160,"2713,5265313490304"
CD_10,Cliente_161,"2713,5265313490304"
CD_10,Cliente_162,"2713,5265313490304"
CD_2,Cliente_1,"3487,2308859490468"
CD_2,Cliente_2,"3487,2308859490468"
CD_2,Cliente_3,"3487,2308859490468"
CD_2,Cliente_4,"2403,130371219429"
CD_2,Cliente_5,"2403,130371219429"
CD_2,Cliente_6,"2403,130371219429"
CD_2,Cliente_7,"2403,130371219429"
CD_2,Cliente_8,"2357,874434555746"
CD_2,Cliente_9,"2357,874434555746"
CD_2,Cliente_10,"3872,999299178453"
CD_2,Cliente_11,"3872,999299178453"
CD_2,Cliente_12,"3872,999299178453"
CD_2,Cliente_13,"3872,999299178453"
CD_2,Cliente_14,"3576,212084897921"
CD_2,Cliente_15,"3458,7243907686693"
CD_2,Cliente_16,"3458,7243907686693"
CD_2,Cliente_17,"1951,4705073276007"
CD_2,Cliente_18,"1578,0823164861586"
CD_2,Cliente_19,"1951,4705073276007"
CD_2,Cliente_20,"1951,4705073276007"
CD_2,Cliente_21,"1951,4705073276007"
CD_2,Cliente_22,"1578,0823164861586"
CD_2,Cliente_23,"1578,0823164861586"
CD_2,Cliente_24,"2930,762996625186"
CD_2,Cliente_25,"2930,762996625186"
CD_2,Cliente_26,"2930,762996625186"
CD_2,Cliente_27,"2930,762996625186"
CD_2,Cliente_28,"2768,304147305085"
CD_2,Cliente_29,"2768,304147305085"
CD_2,Cliente_30,"2768,304147305085"
CD_2,Cliente_31,"1003,9999999999998"
CD_2,Cliente_32,"1003,9999999999998"
CD_2,Cliente_33,"1003,9999999999998"
CD_2,Cliente_34,"1003,9999999999998"
CD_2,Cliente_35,"1003,9999999999998"
CD_2,Cliente_36,"940,6433172012489"
CD_2,Cliente_37,"996,6037472464014"
CD_2,Cliente_38,"940,6433172012489"
CD_2,Cliente_39,"940,6433172012489"
CD_2,Cliente_40,"940,6433172012489"
CD_2,Cliente_41,"996,6037472464014"
CD_2,Cliente_42,"996,6037472464014"
CD_2,Cliente_43,"996,6037472464014"
CD_2,Cliente_44,"943,8714330379556"
CD_2,Cliente_45,"943,8714330379556"
CD_2,Cliente_46,"943,8714330379556"
CD_2,Cliente_47,"943,8714330379556"
CD_2,Cliente_48,"878,6383479824041"
CD_2,Cliente_49,"878,6383479824041"
CD_2,Cliente_50,"878,6383479824041"
CD_2,Cliente_51,"2958,468627359991"
CD_2,Cliente_52,"2958,468627359991"
CD_2,Cliente_53,"2958,468627359991"
CD_2,Cliente_54,"2958,468627359991"
CD_2,Cliente_55,"2464,9432433716984"
CD_2,Cliente_56,"2464,9432433716984"
CD_2,Cliente_57,"590,6962505877706"
CD_2,Cliente_58,"460,3934087501516"
CD_2,Cliente_59,"590,6962505877706"
CD_2,Cliente_60,"590,6962505877706"
CD_2,Cliente_61,"590,6962505877706"
CD_2,Cliente_62,"460,3934087501516"
CD_2,Cliente_63,"460,3934087501516"
CD_2,Cliente_64,"460,3934087501516"
CD_2,Cliente_65,"982,0999428491617"
CD_2,Cliente_66,"982,0999428491617"
CD_2,Cliente_67,"982,0999428491617"
CD_2,Cliente_68,"982,0999428491617"
CD_2,Cliente_69,"844,7295522813349"
CD_2,Cliente_70,"844,7295522813349"
CD_2,Cliente_71,"844,7295522813349"
CD_2,Cliente_72,"1527,8459434250235"
CD_2,Cliente_73,"1527,8459434250235"
CD_2,Cliente_74,"1527,8459434250235"
CD_2,Cliente_75,"1527,8459434250235"
CD_2,Cliente_76,"1485,531249781134"
CD_2,Cliente_77,"1485,531249781134"
CD_2,Cliente_78,"1485,531249781134"
CD_2,Cliente_79,"2922,911040619713"
CD_2,Cliente_80,"2922,911040619713"
CD_2,Cliente_81,"2922,911040619713"
CD_2,Cliente_82,"2922,911040619713"
CD_2,Cliente_83,"2904,3558174121727"
CD_2,Cliente_84,"2904,3558174121727"
CD_2,Cliente_85,"2751,533997533886"
CD_2,Cliente_86,"2751,533997533886"
CD_2,Cliente_87,"2751,533997533886"
CD_2,Cliente_88,"2751,533997533886"
CD_2,Cliente_89,"2714,8340541808966"
CD_2,Cliente_90,"2714,8340541808966"
CD_2,Cliente_91,"2714,8340541808966"
CD_2,Cliente_92,"2693,3246263282567"
CD_2,Cliente_93,"2527,5839335356923"
CD_2,Cliente_94,"2693,3246263282567"
CD_2,Cliente_95,"2693,3246263282567"
CD_2,Cliente_96,"2693,3246263282567"
CD_2,Cliente_97,"2527,5839335356923"
CD_2,Cliente_98,"2527,5839335356923"
CD_2,Cliente_99,"2527,5839335356923"
CD_2,Cliente_100,"2651,2650459987467"
CD_2,Cliente_101,"2651,2650459987467"
CD_2,Cliente_102,"2651,2650459987467"
CD_2,Cliente_103,"2643,217175416885"
CD_2,Cliente_104,"403,9483703086117"
CD_2,Cliente_105,"403,9483703086117"
CD_2,Cliente_106,"403,9483703086117"
CD_2,Cliente_107,"403,9483703086117"
CD_2,Cliente_108,"585,9563893168066"
CD_2,Cliente_109,"585,9563893168066"
CD_2,Cliente_110,"585,9563893168066"
CD_2,Cliente_111,"662,9723502245541"
CD_2,Cliente_112,"662,9723502245541"
CD_2,Cliente_113,"662,9723502245541"
CD_2,Cliente_114,"662,9723502245541"
CD_2,Cliente_115,"645,371186531626"
CD_2,Cliente_116,"645,371186531626"
CD_2,Cliente_117,"645,371186531626"
CD_2,Cliente_118,"2918,900976510618"
CD_2,Cliente_119,"2918,900976510618"
CD_2,Cliente_120,"2918,900976510618"
CD_2,Cliente_121,"2803,4550390908626"
CD_2,Cliente_122,"2980,9787070925568"
CD_2,Cliente_123,"2980,9787070925568"
CD_2,Cliente_124,"2519,806475879838"
CD_2,Cliente_125,"2519,806475879838"
CD_2,Cliente_126,"4650,010447988503"
CD_2,Cliente_127,"4650,010447988503"
CD_2,Cliente_128,"1130,0257964019022"
CD_2,Cliente_129,"1272,1365742066541"
CD_2,Cliente_130,"1130,0257964019022"
CD_2,Cliente_131,"1130,0257964019022"
CD_2,Cliente_132,"1130,0257964019022"
CD_2,Cliente_133,"1272,1365742066541"
CD_2,Cliente_134,"1272,1365742066541"
CD_2,Cliente_135,"1272,1365742066541"
CD_2,Cliente_136,"689,5732030268865"
CD_2,Cliente_137,"689,5732030268865"
CD_2,Cliente_138,"689,5732030268865"
CD_2,Cliente_139,"689,5732030268865"
CD_2,Cliente_140,"706,3911102419501"
CD_2,Cliente_141,"706,3911102419501"
CD_2,Cliente_142,"706,3911102419501"
CD_2,Cliente_143,"2147,9859351671803"
CD_2,Cliente_144,"2147,9859351671803"
CD_2,Cliente_145,"2147,9859351671803"
CD_2,Cliente_146,"2147,9859351671803"
CD_2,Cliente_147,"22,38592750550434"
CD_2,Cliente_148,"255,8834881919303"
CD_2,Cliente_149,"22,38592750550434"
CD_2,Cliente_150,"22,38592750550434"
CD_2,Cliente_151,"22,38592750550434"
CD_2,Cliente_152,"22,38592750550434"
CD_2,Cliente_153,"255,8834881919303"
CD_2,Cliente_154,"255,8834881919303"
CD_2,Cliente_155,"255,8834881919303"
CD_2,Cliente_156,"1767,7051042617238"
CD_2,Cliente_157,"1767,7051042617238"
CD_2,Cliente_158,"1767,7051042617238"
CD_2,Cliente_159,"1767,7051042617238"
CD_2,Cliente_160,"2043,541954081048"
CD_2,Cliente_161,"2043,541954081048"
CD_2,Cliente_162,"2043,541954081048"
CD_1,Cliente_1,"3322,2314274977216"
CD_1,Cliente_2,"3322,2314274977216"
CD_1,Cliente_3,"3322,2314274977216"
CD_1,Cliente_4,"2313,802230276908"
CD_1,Cliente_5,"2313,802230276908"
CD_1,Cliente_6,"2313,802230276908"
CD_1,Cliente_7,"2313,802230276908"
CD_1,Cliente_8,"2270,3576893096542"
CD_1,Cliente_9,"2270,3576893096542"
CD_1,Cliente_10,"3707,9812920556474"
CD_1,Cliente_11,"3707,9812920556474"
CD_1,Cliente_12,"3707,9812920556474"
CD_1,Cliente_13,"3707,9812920556474"
CD_1,Cliente_14,"3452,6992002438733"
CD_1,Cliente_15,"3152,7243907686693"
CD_1,Cliente_16,"3152,7243907686693"
CD_1,Cliente_17,"1862,55112412843"
CD_1,Cliente_18,"1462,6317482591587"
CD_1,Cliente_19,"1862,55112412843"
CD_1,Cliente_20,"1862,55112412843"
CD_1,Cliente_21,"1862,55112412843"
CD_1,Cliente_22,"1462,6317482591587"
CD_1,Cliente_23,"1462,6317482591587"
CD_1,Cliente_24,"2839,8140780997423"
CD_1,Cliente_25,"2839,8140780997423"
CD_1,Cliente_26,"2839,8140780997423"
CD_1,Cliente_27,"2839,8140780997423"
CD_1,Cliente_28,"2360,2798165729014"
CD_1,Cliente_29,"2360,2798165729014"
CD_1,Cliente_30,"2360,2798165729014"
CD_1,Cliente_31,"697,0000000000001"
CD_1,Cliente_32,"697,0000000000001"
CD_1,Cliente_33,"697,0000000000001"
CD_1,Cliente_34,"697,0000000000001"
CD_1,Cliente_35,"697,0000000000001"
CD_1,Cliente_36,"1232,3250994623204"
CD_1,Cliente_37,"1083,3875633208077"
CD_1,Cliente_38,"1232,3250994623204"
CD_1,Cliente_39,"1232,3250994623204"
CD_1,Cliente_40,"1232,3250994623204"
CD_1,Cliente_41,"1083,3875633208077"
CD_1,Cliente_42,"1083,3875633208077"
CD_1,Cliente_43,"1083,3875633208077"
CD_1,Cliente_44,"635,9409052698713"
CD_1,Cliente_45,"635,9409052698713"
CD_1,Cliente_46,"635,9409052698713"
CD_1,Cliente_47,"635,9409052698713"
CD_1,Cliente_48,"587,7341692153062"
CD_1,Cliente_49,"587,7341692153062"
CD_1,Cliente_50,"587,7341692153062"
CD_1,Cliente_51,"2651,4684982345548"
CD_1,Cliente_52,"2651,4684982345548"
CD_1,Cliente_53,"2651,4684982345548"
CD_1,Cliente_54,"2651,4684982345548"
CD_1,Cliente_55,"2153,3232465769615"
CD_1,Cliente_56,"2153,3232465769615"
CD_1,Cliente_57,"523,2370657207833"
CD_1,Cliente_58,"385,6356498178165"
CD_1,Cliente_59,"523,2370657207833"
CD_1,Cliente_60,"523,2370657207833"
CD_1,Cliente_61,"523,2370657207833"
CD_1,Cliente_62,"385,6356498178165"
CD_1,Cliente_63,"385,6356498178165"
CD_1,Cliente_64,"385,6356498178165"
CD_1,Cliente_65,"819,7328255123896"
CD_1,Cliente_66,"819,7328255123896"
CD_1,Cliente_67,"819,7328255123896"
CD_1,Cliente_68,"819,7328255123896"
CD_1,Cliente_69,"699,675133536364"
CD_1,Cliente_70,"699,675133536364"
CD_1,Cliente_71,"699,675133536364"
CD_1,Cliente_72,"1336,821731103489"
CD_1,Cliente_73,"1336,821731103489"
CD_1,Cliente_74,"1336,821731103489"
CD_1,Cliente_75,"1336,821731103489"
CD_1,Cliente_76,"1353,4191947043796"
CD_1,Cliente_77,"1353,4191947043796"
CD_1,Cliente_78,"1353,4191947043796"
CD_1,Cliente_79,"2615,9110406197124"
CD_1,Cliente_80,"2615,9110406197124"
CD_1,Cliente_81,"2615,9110406197124"
CD_1,Cliente_82,"2615,9110406197124"
CD_1,Cliente_83,"2622,348092681532"
CD_1,Cliente_84,"2622,348092681532"
CD_1,Cliente_85,"2662,5601051438084"
CD_1,Cliente_86,"2662,5601051438084"
CD_1,Cliente_87,"2662,5601051438084"
CD_1,Cliente_88,"2662,5601051438084"
CD_1,Cliente_89,"2639,949552731354"
CD_1,Cliente_90,"2639,949552731354"
CD_1,Cliente_91,"2639,949552731354"
CD_1,Cliente_92,"2477,3333126802218"
CD_1,Cliente_93,"2291,579917659494"
CD_1,Cliente_94,"2477,3333126802218"
CD_1,Cliente_95,"2477,3333126802218"
CD_1,Cliente_96,"2477,3333126802218"
CD_1,Cliente_97,"2291,579917659494"
CD_1,Cliente_98,"2291,579917659494"
CD_1,Cliente_99,"2291,579917659494"
CD_1,Cliente_100,"2345,2186406760493"
CD_1,Cliente_101,"2345,2186406760493"
CD_1,Cliente_102,"2345,2186406760493"
CD_1,Cliente_103,"2334,9659138533207"
CD_1,Cliente_104,"697,8677858884541"
CD_1,Cliente_105,"697,8677858884541"
CD_1,Cliente_106,"697,8677858884541"
CD_1,Cliente_107,"697,8677858884541"
CD_1,Cliente_108,"767,0859026290143"
CD_1,Cliente_109,"767,0859026290143"
CD_1,Cliente_110,"767,0859026290143"
CD_1,Cliente_111,"714,3296168598863"
CD_1,Cliente_112,"714,3296168598863"
CD_1,Cliente_113,"714,3296168598863"
CD_1,Cliente_114,"714,3296168598863"
CD_1,Cliente_115,"814,5817298540337"
CD_1,Cliente_116,"814,5817298540337"
CD_1,Cliente_117,"814,5817298540337"
CD_1,Cliente_118,"2828,8413952866294"
CD_1,Cliente_119,"2828,8413952866294"
CD_1,Cliente_120,"2828,8413952866294"
CD_1,Cliente_121,"2668,6190639352462"
CD_1,Cliente_122,"2816,851781634984"
CD_1,Cliente_123,"2816,851781634984"
CD_1,Cliente_124,"2339,6839986935797"
CD_1,Cliente_125,"2339,6839986935797"
CD_1,Cliente_126,"4486,010447988504"
CD_1,Cliente_127,"4486,010447988504"
CD_1,Cliente_128,"1423,4242183548954"
CD_1,Cliente_129,"1360,155095533427"
CD_1,Cliente_130,"1423,4242183548954"
CD_1,Cliente_131,"1423,4242183548954"
CD_1,Cliente_132,"1423,4242183548954"
CD_1,Cliente_133,"1360,155095533427"
CD_1,Cliente_134,"1360,155095533427"
CD_1,Cliente_135,"1360,155095533427"
CD_1,Cliente_136,"983,5729276889139"
CD_1,Cliente_137,"983,5729276889139"
CD_1,Cliente_138,"983,5729276889139"
CD_1,Cliente_139,"983,5729276889139"
CD_1,Cliente_140,"1011,83017127281"
CD_1,Cliente_141,"1011,83017127281"
CD_1,Cliente_142,"1011,83017127281"
CD_1,Cliente_143,"1992,3346440475304"
CD_1,Cliente_144,"1992,3346440475304"
CD_1,Cliente_145,"1992,3346440475304"
CD_1,Cliente_146,"1992,3346440475304"
CD_1,Cliente_147,"315,8560864004767"
CD_1,Cliente_148,"224,03470650081258"
CD_1,Cliente_149,"315,8560864004767"
CD_1,Cliente_150,"315,8560864004767"
CD_1,Cliente_151,"315,8560864004767"
CD_1,Cliente_152,"315,8560864004767"
CD_1,Cliente_153,"224,03470650081258"
CD_1,Cliente_154,"224,03470650081258"
CD_1,Cliente_155,"224,03470650081258"
CD_1,Cliente_156,"1460,7051042617238"
CD_1,Cliente_157,"1460,7051042617238"
CD_1,Cliente_158,"1460,7051042617238"
CD_1,Cliente_159,"1460,7051042617238"
CD_1,Cliente_160,"1736,5419540810483"
CD_1,Cliente_161,"1736,5419540810483"
CD_1,Cliente_162,"1736,5419540810483"
CD_15,Cliente_1,4304
CD_15,Cliente_2,4304
CD_15,Cliente_3,4942
CD_15,Cliente_4,1630
CD_15,Cliente_5,1630
CD_15,Cliente_6,1630
CD_15,Cliente_7,1630
CD_15,Cliente_8,"1531,893125807697"
CD_15,Cliente_9,"1531,893125807697"
CD_15,Cliente_10,4700
CD_15,Cliente_11,4700
CD_15,Cliente_12,4700
CD_15,Cliente_13,4700
CD_15,Cliente_14,"5656,738197334605"
CD_15,Cliente_15,3805
CD_15,Cliente_16,3805
CD_15,Cliente_17,1176
CD_15,Cliente_18,"959,6557045374652"
CD_15,Cliente_19,1176
CD_15,Cliente_20,1176
CD_15,Cliente_21,1176
CD_15,Cliente_22,"959,6557045374652"
CD_15,Cliente_23,"959,6557045374652"
CD_15,Cliente_24,2212
CD_15,Cliente_25,2212
CD_15,Cliente_26,2212
CD_15,Cliente_27,2212
CD_15,Cliente_28,"1888,395209083207"
CD_15,Cliente_29,"1888,395209083207"
CD_15,Cliente_30,"1888,395209083207"
CD_15,Cliente_31,1246
CD_15,Cliente_32,1246
CD_15,Cliente_33,1246
CD_15,Cliente_34,1246
CD_15,Cliente_35,1246
CD_15,Cliente_36,20
CD_15,Cliente_37,"136,54257580061062"
CD_15,Cliente_38,20
CD_15,Cliente_39,20
CD_15,Cliente_40,20
CD_15,Cliente_41,"136,54257580061062"
CD_15,Cliente_42,"136,54257580061062"
CD_15,Cliente_43,"136,54257580061062"
CD_15,Cliente_44,1530
CD_15,Cliente_45,1530
CD_15,Cliente_46,1530
CD_15,Cliente_47,1530
CD_15,Cliente_48,"1540,2405461866806"
CD_15,Cliente_49,"1540,2405461866806"
CD_15,Cliente_50,"1540,2405461866806"
CD_15,Cliente_51,2638
CD_15,Cliente_52,2638
CD_15,Cliente_53,2638
CD_15,Cliente_54,2638
CD_15,Cliente_55,"2548,859081102788"
CD_15,Cliente_56,"2548,859081102788"
CD_15,Cliente_57,519
CD_15,Cliente_58,"783,7603444434664"
CD_15,Cliente_59,519
CD_15,Cliente_60,519
CD_15,Cliente_61,519
CD_15,Cliente_62,"783,7603444434664"
CD_15,Cliente_63,"783,7603444434664"
CD_15,Cliente_64,"783,7603444434664"
CD_15,Cliente_65,"1876,9999999999998"
CD_15,Cliente_66,"1876,9999999999998"
CD_15,Cliente_67,"1876,9999999999998"
CD_15,Cliente_68,"1876,9999999999998"
CD_15,Cliente_69,"1903,3836214424484"
CD_15,Cliente_70,"1903,3836214424484"
CD_15,Cliente_71,"1903,3836214424484"
CD_15,Cliente_72,2330
CD_15,Cliente_73,2330
CD_15,Cliente_74,2330
CD_15,Cliente_75,2330
CD_15,Cliente_76,"2545,6371670654444"
CD_15,Cliente_77,"2545,6371670654444"
CD_15,Cliente_78,"2545,6371670654444"
CD_15,Cliente_79,3114
CD_15,Cliente_80,3114
CD_15,Cliente_81,3114
CD_15,Cliente_82,3114
CD_15,Cliente_83,"3705,221178903077"
CD_15,Cliente_84,"3705,221178903077"
CD_15,Cliente_85,1977
CD_15,Cliente_86,1977
CD_15,Cliente_87,1977
CD_15,Cliente_88,1977
CD_15,Cliente_89,"1951,1102998753115"
CD_15,Cliente_90,"1951,1102998753115"
CD_15,Cliente_91,"1951,1102998753115"
CD_15,Cliente_92,1859
CD_15,Cliente_93,"1774,4086952472587"
CD_15,Cliente_94,1859
CD_15,Cliente_95,1859
CD_15,Cliente_96,1859
CD_15,Cliente_97,"1774,4086952472587"
CD_15,Cliente_98,"1774,4086952472587"
CD_15,Cliente_99,"1774,4086952472587"
CD_15,Cliente_100,2208
CD_15,Cliente_101,2208
CD_15,Cliente_102,2208
CD_15,Cliente_103,"2461,857991395935"
CD_15,Cliente_104,1323
CD_15,Cliente_105,1323
CD_15,Cliente_106,1323
CD_15,Cliente_107,1323
CD_15,Cliente_108,"1607,3596847445801"
CD_15,Cliente_109,"1607,3596847445801"
CD_15,Cliente_110,"1607,3596847445801"
CD_15,Cliente_111,517
CD_15,Cliente_112,517
CD_15,Cliente_113,517
CD_15,Cliente_114,517
CD_15,Cliente_115,"397,9544355618065"
CD_15,Cliente_116,"397,9544355618065"
CD_15,Cliente_117,"397,9544355618065"
CD_15,Cliente_118,2147
CD_15,Cliente_119,2147
CD_15,Cliente_120,2147
CD_15,Cliente_121,"2035,1865278755272"
CD_15,Cliente_122,3797
CD_15,Cliente_123,3797
CD_15,Cliente_124,3318
CD_15,Cliente_125,3318
CD_15,Cliente_126,5480
CD_15,Cliente_127,5480
CD_15,Cliente_128,2025
CD_15,Cliente_129,"1982,0642424405548"
CD_15,Cliente_130,2025
CD_15,Cliente_131,2025
CD_15,Cliente_132,2025
CD_15,Cliente_133,"1982,0642424405548"
CD_15,Cliente_134,"1982,0642424405548"
CD_15,Cliente_135,"1982,0642424405548"
CD_15,Cliente_136,1611
CD_15,Cliente_137,1611
CD_15,Cliente_138,1611
CD_15,Cliente_139,1611
CD_15,Cliente_140,"1573,2431678597795"
CD_15,Cliente_141,"1573,2431678597795"
CD_15,Cliente_142,"1573,2431678597795"
CD_15,Cliente_143,1365
CD_15,Cliente_144,1365
CD_15,Cliente_145,1365
CD_15,Cliente_146,1365
CD_15,Cliente_147,936
CD_15,Cliente_148,"1062,458542300588"
CD_15,Cliente_149,936
CD_15,Cliente_150,936
CD_15,Cliente_151,936
CD_15,Cliente_152,936
CD_15,Cliente_153,"1062,458542300588"
CD_15,Cliente_154,"1062,458542300588"
CD_15,Cliente_155,"1062,458542300588"
CD_15,Cliente_156,2117
CD_15,Cliente_157,2117
CD_15,Cliente_158,2117
CD_15,Cliente_159,2117
CD_15,Cliente_160,"2556,934267282935"
CD_15,Cliente_161,"2556,934267282935"
CD_15,Cliente_162,"2556,934267282935"
CD_11,Cliente_163,"2003,763894018097"
CD_7,Cliente_163,"2888,575263976942"
CD_3,Cliente_163,"904,4073627375637"
CD_5,Cliente_163,"820,378132677859"
CD_4,Cliente_163,"670,2593729461028"
CD_13,Cliente_163,"1338,7761088082004"
CD_14,Cliente_163,"2797,089848388827"
CD_12,Cliente_163,"2788,0435721298627"
CD_8,Cliente_163,"2555,1232515391152"
CD_6,Cliente_163,"534,2553117220751"
CD_9,Cliente_163,"1247,224462678961"
CD_10,Cliente_163,"1013,846684219732"
CD_2,Cliente_163,"255,8834881919303"
CD_1,Cliente_163,"224,03470650081258"
CD_15,Cliente_163,"1062,458542300588"
